questionnaire,item,item_index,r_pc1,var,n_models
Balanced Inventory of Desirable Responding Version 6,Once I’ve made up my mind other people can seldom change my opinion.,6,0.8288,2.514,49
DERS (Difficulties in Emotion Regulation Scale),"When I’m upset, my emotions feel overwhelming",35,0.8169,1.065,49
Basic Psychological Needs Scale,I consider the people I work with to be my friends.,29,0.8092,2.488,47
DERS (Difficulties in Emotion Regulation Scale),"When I’m upset, I have difficulty controlling my behaviours",26,0.807,1.031,48
Five Facet Mindfullness Questionnaire (FFMQ),It’s hard for me to find the words to describe what I’m thinking.,11,0.8051,1.022,49
Five Facet Mindfullness Questionnaire (FFMQ),I believe some of my thoughts are abnormal or bad and I shouldn’t think that way.,13,0.8049,1.169,49
DERS (Difficulties in Emotion Regulation Scale),I am confused about how I feel,8,0.7976,0.617,48
CERQ (Cognitive Emotion Regulation Questionnaire),I often think that what I have experienced is much worse than what others have experienced.,28,0.7965,1.196,49
Five Facet Mindfullness Questionnaire (FFMQ),"I don’t pay attention to what I’m doing because I’m daydreaming, worrying, or otherwise distracted.",7,0.7857,0.977,48
Individualism-collectivism IND-COL,When another person does better than I do‚ I get tense and aroused,22,0.7822,2.957,48
Five Facet Mindfullness Questionnaire (FFMQ),I think some of my emotions are bad or inappropriate and I shouldn’t feel them.,29,0.7809,1.095,48
Meaning in Life Questionnaire (MLQ),I am always looking to find my life’s purpose.,2,0.7788,3.372,48
Five Facet Mindfullness Questionnaire (FFMQ),"When I have distressing thoughts or images, I judge myself as good or bad depending what the thought or image is about.",34,0.7764,1.128,49
Self-Talk Scale,I want to reinforce myself for doing well,12,0.7739,1.074,48
HEXACO,"When working, I sometimes have difficulties due to being disorganized.",73,0.7737,0.934,50
Five Facet Mindfullness Questionnaire (FFMQ),I notice the smells and aromas of things.,25,0.7714,1.54,47
Interpersonal Reactivity Index (IRI),Being in a tense emotional situation scares me. ,16,0.7712,1.063,50
DASS-21,I tended to over-react to situations,5,0.7676,0.832,49
MCQ-30,"My worrying thoughts persist, no matter how I try to stop them",8,0.7664,0.804,47
Adult Temperament Questionnaire,Sometimes minor events cause me to feel intense sadness.,24,0.765,2.917,49
CERQ (Cognitive Emotion Regulation Questionnaire),I continually think how horrible the situation has been.,31,0.7613,1.523,49
The Internal Representation Questionnaire,My mental images are very vivid and photographic,2,0.7601,1.508,42
CERQ (Cognitive Emotion Regulation Questionnaire),I keep thinking about how terrible it is what I have experienced.,29,0.7546,1.425,48
BFI-2,Worries a lot.,33,0.7542,1.266,48
Need for Closure Scale (NFCS),"I almost always feel hurried to reach a decision, even when there is no reason to do so.",21,0.7541,1.821,49
DERS (Difficulties in Emotion Regulation Scale),"When I’m upset, I feel out of control",18,0.754,0.868,49
Basic Psychological Needs Scale,I feel pressured in my life.,3,0.7535,2.355,49
DERS (Difficulties in Emotion Regulation Scale),"When I’m upset, I become angry with myself for feeling that way",10,0.7525,0.969,47
DERS (Difficulties in Emotion Regulation Scale),I have difficulty making sense out of my feelings,4,0.7514,1.147,48
Basic Psychological Needs Scale,I feel pressured at work.,25,0.7508,2.858,50
BAI,Unable to relax,3,0.7503,0.891,47
Five Facet Mindfullness Questionnaire (FFMQ),"When I’m walking, I deliberately notice the sensations of my body moving.",0,0.7495,1.078,48
State Trait Anxiety Inventory,I feel strained,3,0.747,0.911,44
Adult Temperament Questionnaire,"When I’m excited, it’s hard to resist jumping into things without thinking.",59,0.7463,3.51,48
Balanced Inventory of Desirable Responding Version 6,I sometimes try to get even rather than forgive and forget.,24,0.746,1.667,50
Schwartz_Values,I aspire to power,8,0.7455,1.446,49
Five Facet Mindfullness Questionnaire (FFMQ),I find it difficult to stay focused on what’s happening in the present.,17,0.7451,0.818,47
BFI-2,"Is temperamental, gets emotional easily.",58,0.7443,1.053,50
Adult Temperament Questionnaire,"Whenever I have to sit and wait for something, I become agitated.",30,0.7441,3.167,49
IRQ,"When I think about someone I know well, I instantly see their face in my mind",4,0.7438,1.847,50
Five Facet Mindfullness Questionnaire (FFMQ),I tell myself I shouldn’t be feeling the way I’m feeling.,9,0.7428,1.057,48
State Trait Anxiety Inventory,I take disappointments so keenly that I can’t put them out of my mind,38,0.7417,0.62,46
Five Facet Mindfullness Questionnaire (FFMQ),"When I do things, my mind wanders off and I’m easily distracted.",4,0.74,0.929,48
DERS (Difficulties in Emotion Regulation Scale),"When I’m upset, I have difficulty getting work done",12,0.7382,1.086,49
DERS (Difficulties in Emotion Regulation Scale),"When I’m upset, I become out of control",13,0.738,0.91,47
Varieties of Inner Speech Questionnaire-R,My inner speech contributes to me feeling down and depressed,23,0.7375,1.54,46
Meaning in Life Questionnaire (MLQ),I am looking for something that makes my life feel meaningful,1,0.7369,4.049,48
Interpersonal Reactivity Index (IRI),I sometimes feel helpless when I am in the middle of a very emotional situation.,9,0.7349,1.19,49
The Internal Representation Questionnaire,A strategy I use to help me remember written material is imagining what the writing looks like,25,0.7338,1.02,48
DERS (Difficulties in Emotion Regulation Scale),"When I’m upset, I lose control over my behaviours",31,0.7333,1.0,48
Balanced Inventory of Desirable Responding Version 6,It’s hard for me to shut off a disturbing thought.,9,0.728,3.241,48
State Trait Anxiety Inventory,I am presently worrying over possible misfortunes,6,0.7277,0.562,47
Adult Temperament Questionnaire,I often feel sad.,55,0.7242,2.255,48
DASS-21,I felt that I was rather touchy,17,0.7234,0.585,48
HEXACO,I make decisions based on the feeling of the moment rather than on careful thought.,19,0.7229,0.835,48
State Trait Anxiety Inventory,I get in a state of tension or turmoil as I think over my recent concerns,40,0.7224,0.791,45
Schwartz_Values,Tradition is my foundation,7,0.7222,1.071,50
CERQ (Cognitive Emotion Regulation Questionnaire),I feel that others are responsible for what has happened.,33,0.7218,0.653,50
BFI-2,Has difficulty getting started on tasks.,22,0.7206,0.986,50
DERS (Difficulties in Emotion Regulation Scale),"When I’m upset, it takes me a long time to feel better",34,0.7189,0.978,48
DERS (Difficulties in Emotion Regulation Scale),I experience my emotions as overwhelming and out of control,2,0.718,0.853,47
BFI-2,Sometimes behaves irresponsibly.,57,0.7178,1.0,49
CERQ (Cognitive Emotion Regulation Questionnaire),I am preoccupied with what I think and feel about what I have experienced.,9,0.7177,1.017,49
Adult Temperament Questionnaire,It doesn’t take much to make me feel frustrated or irritated.,47,0.7176,3.254,49
MCQ-30,I cannot ignore my worrying thoughts,10,0.7175,0.866,47
Adult Temperament Questionnaire,I find loud noises to be very irritating.,3,0.7162,2.643,50
The Internal Representation Questionnaire,I often use mental images or pictures to help me remember things,5,0.7157,1.105,48
Five Facet Mindfullness Questionnaire (FFMQ),I find myself doing things without paying attention.,37,0.7147,0.884,49
Schwartz_Values,"If it feels good, do it",6,0.7145,1.317,48
State Trait Anxiety Inventory,I am tense,2,0.7138,0.836,48
DASS-21,I found it hard to wind down,0,0.7137,0.745,50
BFI-2,"Is moody, has up and down mood swings.",13,0.712,0.969,49
Meaning in Life Questionnaire (MLQ),I am seeking a purpose or mission for my life.,7,0.7119,3.455,49
BSI,Feeling uneasy in crowds,42,0.7118,0.752,46
Adult Temperament Questionnaire,I usually have trouble resisting my cravings.,52,0.7113,3.349,50
Balanced Inventory of Desirable Responding Version 6,I sometimes lose out on things because I can’t make up my mind soon enough.,11,0.7113,2.047,49
CERQ (Cognitive Emotion Regulation Questionnaire),I dwell upon the feelings the situation has evoked in me.,11,0.71,0.973,49
Adult Temperament Questionnaire,I am often aware how the color and lighting of a room affects my mood.,56,0.7096,3.088,49
HEXACO,"When someone I know well is unhappy, I can almost feel that person's pain myself.",46,0.709,1.383,50
DERS (Difficulties in Emotion Regulation Scale),"When I’m upset, I feel ashamed with myself for feeling that way",20,0.709,0.67,50
HEXACO,I feel strong emotions when someone close to me is going away for a long time.,70,0.7065,1.357,50
ECR-R (Experiences in Close Relationships–Revised),I worry a lot about my relationships.,5,0.706,2.114,47
Balanced Inventory of Desirable Responding Version 6,I sometimes drive faster than the speed limit.,32,0.7051,2.426,50
Basic Psychological Needs Scale,"When I am with XXXXXXX, I feel a lot of closeness and intimacy.",49,0.7037,3.461,48
BSI,Difficulty making decisions,26,0.7025,0.766,48
Spheres of Control-3,My major accomplishments are entirely due to my hard work and ability.,12,0.7022,2.744,50
DERS (Difficulties in Emotion Regulation Scale),"When I’m upset, I believe that wallowing in it is all I can do",30,0.7014,0.851,48
MCQ-30,"When I start worrying, I cannot stop",20,0.7009,0.999,47
State Trait Anxiety Inventory,I am worried,16,0.7005,0.594,48
DASS-21,I was worried about situations in which I might panic and make a fool of myself,8,0.7003,0.693,47
Interpersonal Reactivity Index (IRI),"In emergency situations, I feel apprehensive and ill-at-ease.",5,0.6999,1.277,46
CERQ (Cognitive Emotion Regulation Questionnaire),I feel that I am the one to blame for it.,0,0.6995,1.016,49
BSI,Feeling easily annoyed or irritated,5,0.6987,0.636,49
Interpersonal Reactivity Index (IRI),"After seeing a play or movie, I have felt as though I were one of the characters. ",15,0.6984,1.402,50
Adult Temperament Questionnaire,Sometimes minor events cause me to feel intense happiness.,2,0.6983,3.128,49
Self-Monitoring Scale-Revised,I can usually tell when I’ve said something inappropriate by reading it in the listener’s eyes.,7,0.6965,2.041,50
Varieties of Inner Speech Questionnaire-R,What I say in my inner speech makes me feel anxious,22,0.6963,2.047,49
BAI,Heart pounding/racing,6,0.6952,0.708,49
Adult Temperament Questionnaire,It is hard to resist buying attractive items in a store.,62,0.6949,3.347,48
BAI,Nervous,9,0.6949,1.083,49
Five Facet Mindfullness Questionnaire (FFMQ),I have trouble thinking of the right words to express how I feel about things.,15,0.6946,0.808,48
Individualism-collectivism IND-COL,It annoys me when others people perform better than I do,6,0.6946,3.414,46
Need for Closure Scale (NFCS),"When I am confused about an important issue, I feel very upset.",13,0.6943,2.357,47
Basic Psychological Needs Scale,I consider the people I regularly interact with to be my friends.,8,0.6935,2.9,50
BFI-2,"Avoids intellectual, philosophical discussions.",24,0.6924,0.972,48
Need for Closure Scale (NFCS),I would quickly become impatient and irritated if I would not find a solution to a problem immediately.,14,0.6921,2.142,49
BAI,Fear of worst happening,4,0.6918,0.776,49
The Internal Representation Questionnaire,"I see words in my ""mind’s eye"" when I think",23,0.6911,1.68,45
DASS-21,I found it difficult to relax,11,0.6904,0.748,49
Varieties of Inner Speech Questionnaire-R,	I calm myself down by talking silently to myself,21,0.6899,2.542,49
IRQ,My mental images are very vivid and photographic,2,0.6887,1.493,49
BFI-2,Tends to be disorganized.,2,0.6873,0.667,49
State Trait Anxiety Inventory,I feel nervous,11,0.6871,0.772,49
Adult Temperament Questionnaire,I often make plans that I do not follow through with.,4,0.6865,1.977,47
Need for Closure Scale (NFCS),I hate to change my plans at the last minute.,9,0.686,1.5,49
BSI,Trouble concentrating,35,0.6853,0.84,47
HEXACO,I find it hard to keep my temper when people insult me.,92,0.6852,1.319,48
Self-Monitoring Scale-Revised,I have trouble changing my behavior to suit different people and different situations.,8,0.6833,1.251,48
State Trait Anxiety Inventory,I feel nervous and restless,21,0.6822,0.81,47
IRQ,"I hear words in my ""mind’s ear"" when I think",17,0.6811,1.843,50
Five Facet Mindfullness Questionnaire (FFMQ),I rush through activities without being really attentive to them.,27,0.6802,0.833,49
Adult Temperament Questionnaire,"When I am afraid of how something might turn out, I avoid dealing with it.",71,0.6802,2.708,49
DASS-21,I found it difficult to work up the initiative to do things,4,0.6798,0.749,49
SVQ,I sometimes verbalize my thoughts when I'm feeling angry or upset about something,23,0.6779,2.849,48
The Internal Representation Questionnaire,If I talk to myself in my head it is usually accompanied by visual imagery,8,0.6716,1.037,50
BSI,Feeling that people will take advantage of you if you let them,50,0.671,0.807,48
Schwartz_Values,Getting what I want in life is among my most important values,29,0.6709,1.546,48
State Trait Anxiety Inventory,I worry too much over something that really,28,0.6686,0.759,48
Interpersonal Reactivity Index (IRI),I am often quite touched by things that I see happen. ,19,0.6683,1.08,49
Basic Psychological Needs Scale,"When I am with XXXXXXX, I feel loved and cared about.",44,0.6682,4.483,45
Five Facet Mindfullness Questionnaire (FFMQ),"I notice how foods and drinks affect my thoughts, bodily sensations, and emotions.",10,0.6674,1.128,48
DERS (Difficulties in Emotion Regulation Scale),"When I’m upset, I believe that I’ll end up feeling very depressed",15,0.6671,0.999,49
Balanced Inventory of Desirable Responding Version 6,I sometimes tell lies if I have to.,20,0.665,1.993,48
BAI,Fear of losing control,13,0.6643,0.734,48
HEXACO,"When working on something, I don't pay much attention to small details.",37,0.6639,0.744,48
DASS-21,I felt down-hearted and blue,12,0.6624,0.779,49
Self-Monitoring Scale-Revised,In conversations‚ I am sensitive to even the slightest change in the facial expression of the person I’m conversing with.,3,0.6593,2.551,48
DASS-21,I felt that I was using a lot of nervous energy,7,0.658,0.636,49
Balanced Inventory of Desirable Responding Version 6,"When my emotions are aroused, it biases my thinking.",5,0.6572,2.645,47
Adult Temperament Questionnaire,I often make plans that I do not follow through with. (duplicate OCR artifact — actual item 8 already above; ignore duplication),7,0.657,1.766,49
HEXACO,"If I want something from someone, I will laugh at that person's worst jokes.",53,0.6557,1.074,49
Schwartz_Values,I like to feel a rush,20,0.6553,1.615,48
Interpersonal Reactivity Index (IRI),"If I'm sure I'm right about something, I don't waste much time listening to other people's arguments. ",14,0.655,1.228,50
The Internal Representation Questionnaire,I often enjoy the use of mental pictures to reminisce,0,0.6545,0.963,49
Adult Temperament Questionnaire,Sometimes I feel a sense of panic or terror for no apparent reason.,50,0.6544,2.584,47
Need for Closure Scale (NFCS),My personal space is usually messy and disorganized.,19,0.654,1.455,49
Need for Closure Scale (NFCS),I dislike the routine aspects of my work (studies).,40,0.6516,1.063,48
BSI,Feeling so restless you couldn’t sit still,48,0.6512,0.813,47
DERS (Difficulties in Emotion Regulation Scale),I care about what I am feeling,7,0.65,1.664,50
DERS (Difficulties in Emotion Regulation Scale),"When I’m upset, I feel guilty for feeling that way",24,0.6484,0.967,49
HEXACO,I make a lot of mistakes because I don't think before I act.,43,0.6468,0.532,47
HEXACO,I sometimes can't help worrying about little things.,10,0.6467,0.878,49
Moral Foundations Questionnaire (MFQ-30),I am proud of my country’s history,2,0.6464,1.561,50
The Internal Representation Questionnaire,I can close my eyes and easily picture a scene that I have experienced,1,0.6458,1.922,49
BSI,Feeling lonely even when you are with people,13,0.6457,0.903,49
State Trait Anxiety Inventory,I am jittery,12,0.6425,0.742,49
The Internal Representation Questionnaire,"When I think about someone I know well, I instantly see their face in my mind",4,0.6423,1.818,47
HEXACO,I feel like crying when I see other people crying.,22,0.6419,1.088,49
IRQ,I hear a running summary of everything I am doing in my head,26,0.641,1.204,45
HEXACO,I want people to know that I am an important person of high status.,95,0.6402,1.333,49
CERQ (Cognitive Emotion Regulation Questionnaire),I often think that what I have experienced is the worst that can happen to a person.,30,0.6396,1.061,50
BSI,Others not giving you proper credit for your achievements,47,0.6394,0.606,49
Adult Temperament Questionnaire,I become easily frightened.,0,0.6385,2.068,45
Five Facet Mindfullness Questionnaire (FFMQ),"I pay attention to sensations, such as the wind in my hair or sun on my face.",14,0.6379,1.6,49
BSI,Nervousness or shakiness inside,0,0.636,0.683,49
BSI,Feeling lonely,15,0.6342,0.705,46
Need for Closure Scale (NFCS),I feel irritated when one person disagrees with what everyone else in a group believes.,8,0.6331,1.436,48
BFI-2,Tends to be lazy.,7,0.633,0.872,48
SVQ,I sometimes verbalize my thoughts when I'm trying not to get angry,20,0.6317,2.704,50
Balanced Inventory of Desirable Responding Version 6,I am fully in control of my own fate.,8,0.6316,3.225,49
MCQ-30,"If I did not control a worrying thought and then it happened, it would be my fault",5,0.6301,0.585,48
Adult Temperament Questionnaire,"When listening to music, I usually like to turn up the volume more than other people.",22,0.6301,1.785,48
Interpersonal Reactivity Index (IRI),"I daydream and fantasize, with some regularity, about things that might happen to me.",0,0.6274,1.267,49
The Internal Representation Questionnaire,"When I read, I tend to hear a voice in my ""mind’s ear""",21,0.6273,1.594,49
BSI,Feeling tense or keyed up,37,0.6272,0.764,48
CERQ (Cognitive Emotion Regulation Questionnaire),I think that I cannot change anything about it.,6,0.627,0.934,50
HEXACO,I do only the minimum amount of work needed to get by.,79,0.6258,0.532,50
MCQ-30,I need to worry in order to remain organised,6,0.6253,0.392,50
BSI,Trouble falling asleep,24,0.6241,0.832,49
Moral Foundations Questionnaire (MFQ-30),Whether or not someone violated standards of purity and decency,4,0.6227,1.53,48
State Trait Anxiety Inventory,I feel that difficulties are piling up so that I cannot overcome them,27,0.6225,0.835,47
Five Facet Mindfullness Questionnaire (FFMQ),I am easily distracted.,12,0.622,0.826,49
Interpersonal Reactivity Index (IRI),I tend to lose control during emergencies.,23,0.6216,0.99,50
BSI,Feeling blocked in getting things done,14,0.6215,0.936,48
Adult Temperament Questionnaire,Loud noises sometimes scare me.,60,0.6214,2.659,49
BFI-2,"Tends to feel depressed, blue.",53,0.6212,0.962,50
Individualism-collectivism IND-COL,I hate to disagree with others in my group,25,0.6204,3.237,49
Adult Temperament Questionnaire,I rarely ever have days where I don’t at least experience brief moments of intense happiness.,27,0.62,3.128,47
MCQ-30,Worrying helps me cope,18,0.6191,0.408,50
ECR-R (Experiences in Close Relationships–Revised),I usually discuss my problems and concerns with my partner.,27,0.6189,1.717,47
BAI,Scared,16,0.6184,0.787,48
Meaning in Life Questionnaire (MLQ),I am always searching for something that makes my life feel significant.,6,0.6164,3.009,47
DERS (Difficulties in Emotion Regulation Scale),"When I’m upset, I become embarrassed for feeling that way",11,0.6163,0.854,47
DASS-21,I was unable to become enthusiastic about anything,15,0.6157,0.866,49
BSI,Feeling hopeless about the future,34,0.615,0.997,46
DERS (Difficulties in Emotion Regulation Scale),"When I’m upset, I have difficulty concentrating",25,0.6146,1.068,49
Religious Orientation Scale-R,I have often had a strong sense of God’s presence. ,4,0.6146,1.487,50
MCQ-30,I could make myself sick with worrying,3,0.6142,0.698,48
ECR-R (Experiences in Close Relationships–Revised),My desire to be very close sometimes scares people away.,13,0.6136,1.708,49
Spheres of Control-3,I can usually develop a personal relationship with someone I find appealing.,10,0.6135,2.096,50
Basic Psychological Needs Scale,"When I am with XXXXXXX, I often feel a lot of distance in our relationship.",47,0.6134,2.627,47
BSI,Having to check and double check what you do,25,0.6113,0.857,50
Need for Closure Scale (NFCS),I dislike questions which could be answered in many different ways.,3,0.6111,1.627,48
Five Facet Mindfullness Questionnaire (FFMQ),"When I have a sensation in my body, it’s difficult for me to describe it because I can’t find the right words.",21,0.61,0.882,47
IRQ,"When I hear someone talking, I see words written down in my mind",22,0.6092,1.22,50
Religious Orientation Scale-R,I try hard to live all my life according to my religious beliefs. ,6,0.6091,0.883,48
Varieties of Inner Speech Questionnaire,"I think in inner speech about what I have done, and whether it was right or not.",8,0.6078,2.709,48
IRQ,"When I am introduced to someone for the first time, I imagine their name written",24,0.6073,0.937,49
HEXACO,I clean my office or home quite frequently.,1,0.6071,0.844,48
Personal Need for Structure (PNS) Scale,I hate to change my plans at the last minute,7,0.6065,2.434,47
Balanced Inventory of Desirable Responding Version 6,I have some pretty awful habits.,38,0.6059,1.778,49
DERS (Difficulties in Emotion Regulation Scale),"When I’m upset, I believe that there is nothing I can do to make myself feel better",27,0.6046,0.736,47
Balanced Inventory of Desirable Responding Version 6,I have sometimes doubted my ability as a lover.,17,0.6043,2.098,49
BSI,Feeling blue,16,0.6041,0.607,46
The Internal Representation Questionnaire,I often talk to myself internally while watching TV,19,0.604,1.128,47
DERS (Difficulties in Emotion Regulation Scale),"When I’m upset, I start to feel very bad about myself",29,0.6038,1.011,49
CERQ (Cognitive Emotion Regulation Questionnaire),I often think about how I feel about what I have experienced.,8,0.6031,0.882,50
DASS-21,I found myself getting agitated,10,0.6023,0.56,48
DASS-21,I felt that I had nothing to look forward to,9,0.6022,0.762,48
BIS_BAS Scales,"Even if something bad is about to happen to me, I rarely experience fear or nervousness.",1,0.6019,1.233,50
PROTESTANT WORK ETHIC SCALE_,I often feel I would be more successful if I sacrificed certain pleasures,7,0.6011,0.497,49
BFI-2,Is sometimes rude to others.,36,0.6004,0.665,48
CERQ (Cognitive Emotion Regulation Questionnaire),I think of pleasant things that have nothing to do with it.,13,0.5996,0.675,49
DERS (Difficulties in Emotion Regulation Scale),"When I’m upset, I feel like I am weak",22,0.5991,0.722,48
BSI,Feeling inferior to others,21,0.5989,0.622,48
Adult Temperament Questionnaire,"When I am trying to focus my attention, I am easily distracted.",28,0.5983,2.653,50
BFI-2,Often feels sad.,38,0.5975,0.786,50
BSI,Feeling fearful,18,0.5968,0.8,50
BSI,Trouble remembering things,4,0.5961,0.598,47
BFI-2,Starts arguments with others.,21,0.5961,0.665,50
BSI,Faintness or dizziness,1,0.5953,0.516,47
BFI-2,Can be somewhat careless.,27,0.5953,0.861,50
State Trait Anxiety Inventory,I feel indecisive,13,0.5952,0.637,48
HEXACO,"On most days, I feel cheerful and optimistic.",45,0.5929,0.436,48
Varieties of Inner Speech Questionnaire,"When I am talking to myself about things in my mind, it is like I am having a conversation with myself.",9,0.5925,2.878,49
Interpersonal Reactivity Index (IRI),"When I see someone who badly needs help in an emergency, I go to pieces.",26,0.5914,0.768,50
Belief in a Just World Scale,"I believe that, by and large, people get what they deserve.",0,0.5909,0.547,49
State Trait Anxiety Inventory,I feel upset,5,0.5904,0.51,48
Five Facet Mindfullness Questionnaire (FFMQ),I criticize myself for having irrational or inappropriate emotions.,2,0.5903,1.472,47
Personal Need for Structure (PNS) Scale,It upsets me to go into a situation without knowing what I can expect from it,0,0.5899,2.022,49
Individualism-collectivism IND-COL,Before making a major trip‚ I consult with most members of my family and many friends,29,0.5887,2.968,48
Adult Temperament Questionnaire,I am often aware of the sounds of birds in my vicinity.,20,0.5884,2.829,48
Balanced Inventory of Desirable Responding Version 6,I have taken sick-leave from work or school even though I wasn’t really sick.,36,0.5882,1.207,49
Interpersonal Reactivity Index (IRI),I really get involved with the feelings of the characters in a novel.,4,0.588,1.261,50
HEXACO,I tend to feel quite self-conscious when speaking in front of a group of people.,81,0.5871,1.365,47
ECR-R (Experiences in Close Relationships–Revised),I often worry that my partner will not want to stay with me.,1,0.5867,2.296,48
Self-Talk Scale,I’m really upset with myself,9,0.5863,1.125,49
BFI-2,Can be tense.,18,0.586,0.977,48
DASS-21,I was intolerant of anything that kept me from getting on with what I was doing,13,0.5857,0.673,50
Religious Orientation Scale-R,My whole approach to life is based on my religion. ,11,0.5857,1.213,49
BSI,Pains in the heart or chest,6,0.5851,1.2,45
BAI,Faint / lightheaded,18,0.585,0.504,49
BSI,Feeling very self-conscious with others,41,0.5838,0.816,50
ECR-R (Experiences in Close Relationships–Revised),I'm afraid that I will lose my partner's love.,0,0.5834,1.998,48
BSI,Feeling of guilt,51,0.5831,0.595,48
Adult Temperament Questionnaire,"When I am enclosed in small places such as an elevator, I feel uneasy.",21,0.5829,2.175,50
MCQ-30,I need to worry in order to work well,27,0.5823,0.473,47
Belief in a Just World Scale,I feel that people get what they are entitled to have.,1,0.5812,0.834,50
DERS (Difficulties in Emotion Regulation Scale),"When I’m upset, I have difficulty focusing on other things",17,0.5804,1.212,50
HEXACO,"When people tell me that I’m wrong, my first reaction is to argue with them.",62,0.58,0.779,49
BSI,Feeling no interest in things,17,0.5799,0.829,48
Five Facet Mindfullness Questionnaire (FFMQ),I perceive my feelings and emotions without having to react to them.,3,0.5781,1.18,48
IRQ,"I see words in my ""mind’s eye"" when I think",23,0.5776,1.678,49
Interpersonal Reactivity Index (IRI),I sometimes find it difficult to see things from the “other guy’s” point of view.,2,0.5773,0.594,49
SVQ,I sometimes verbalize my thoughts when I'm feeling disappointed about something,26,0.5755,2.414,48
MCQ-30,Worrying helps me to solve problems,22,0.5752,0.431,49
BSI,Feeling nervous when you are left alone,46,0.5748,0.663,49
BSI,Your feelings being easily hurt,19,0.5743,0.627,48
ECR-R (Experiences in Close Relationships–Revised),I often worry that my partner doesn't really love me.,2,0.5737,2.01,50
Need for Closure Scale (NFCS),I do not usually consult many different opinions before forming my own view.,38,0.5735,2.424,48
DERS (Difficulties in Emotion Regulation Scale),"When I’m upset, I have difficulty thinking about anything else",32,0.5733,1.219,49
Self-Monitoring Scale-Revised,I am often able to read people’s true emotions correctly through their eyes.,1,0.573,2.041,48
DASS-21,I felt that life was meaningless,20,0.5724,0.687,47
Need for Closure Scale (NFCS),"In most social conflicts, I can easily see which side is right and which is wrong.",20,0.572,1.193,49
BSI,"Having to avoid certain things, places, or activities because they frighten you",30,0.572,0.719,48
SVQ,I sometimes guide myself using speech when I'm driving an unfamiliar car,18,0.5709,2.283,48
NEED FOR COGNITION SCALE,I feel relief rather than satisfaction after completing a task that required a lot of mental effort.,15,0.5708,1.136,49
Meaning in Life Questionnaire (MLQ),I am searching for meaning in my life.,9,0.5708,3.13,47
Religious Orientation Scale-R,I enjoy reading about my religion. ,0,0.57,0.355,49
Varieties of Inner Speech Questionnaire,"My thinking to myself in words is like shorthand notes, rather than full, proper, grammatical English.",7,0.5699,1.791,49
Need for Closure Scale (NFCS),I feel uncomfortable when I don't understand the reason why an event occurred in my life.,7,0.5694,1.272,50
Varieties of Inner Speech Questionnaire,I talk silently to myself telling myself not to do things.,16,0.5691,2.331,47
SVQ,I sometimes think out loud to myself when I'm searching for something I've misplaced,9,0.5685,2.521,48
BAI,Indigestion,17,0.5683,0.415,50
Varieties of Inner Speech Questionnaire-R,"I hear the voice of another person in my head. For example, when I have done something foolish I hear my mother's voice criticising me in my mind.",2,0.5676,2.571,49
Varieties of Inner Speech Questionnaire-R,In my head I talk to myself a critical way.,19,0.5673,2.208,49
SVQ,I sometimes think out loud to myself when I need to remember a phone number,5,0.5673,3.117,50
State Trait Anxiety Inventory,I lack self-confidence,32,0.5672,0.671,49
NEED FOR COGNITION SCALE,I try to anticipate and avoid situations where there is likely a chance I will have to think in depth about something.,4,0.5657,1.445,49
SVQ,I sometimes verbalize my thoughts when I'm searching for an unfamiliar room,15,0.5646,2.367,50
MCQ-30,My worrying could make me go mad,14,0.564,0.497,49
SVQ,I sometimes think out loud to myself when I'm doing mental arithmetic,21,0.5635,1.884,50
BSI,Feeling others are to blame for most of your troubles,3,0.5633,0.461,48
BSI,Getting into frequent arguments,45,0.5632,0.553,48
MCQ-30,My worrying is dangerous for me,1,0.5608,0.659,48
DASS-21,I felt I was close to panic,14,0.5605,0.553,48
Basic Psychological Needs Scale,"When I am with XXXXXXX, I often feel inadequate or incompetent.",45,0.56,2.184,48
BAI,Fear of losing control,0,0.5599,0.696,49
Self-Monitoring Scale-Revised,If someone is lying to me‚ I usually know it at once from that person’s manner of expression.,10,0.5597,1.277,48
Basic Psychological Needs Scale,"Often, I do not feel very competent.",2,0.5594,1.446,49
State Trait Anxiety Inventory,I have disturbing thoughts.,31,0.5593,0.607,46
Moral Foundations Questionnaire (MFQ-30),Whether or not someone acted in a way that God would approve of,15,0.5593,2.489,48
Basic Psychological Needs Scale,My feelings are taken into consideration at work.,33,0.5591,2.29,49
Ambivalent Sexism Inventory,Women should be cherished and protected by men.,8,0.5591,1.925,48
BFI-2,Has difficulty imagining things.,44,0.5578,0.945,49
Moral Foundations Questionnaire (MFQ-30),Whether or not someone did something disgusting,10,0.5546,1.585,48
Social Dominance Orientation Scale 7,To get ahead in life‚ it is sometimes necessary to step on other groups.,3,0.5545,1.53,48
ECR-R (Experiences in Close Relationships–Revised),I worry that I won't measure up to other people.,16,0.5543,1.747,46
BAI,Terrified or afraid,8,0.554,0.669,49
State Trait Anxiety Inventory,I am happy.,30,0.5536,0.925,48
Adult Temperament Questionnaire,I am often aware of how the weather affects my mood.,68,0.5534,3.357,50
Self-Monitoring Scale-Revised,Even when it might be to my advantage‚ I have difficulty putting up a good front.,11,0.553,1.388,48
DASS-21,"I was aware of the action of my heart in the absence of physical exertion (e.g. sense of heart rate increase, heart missing a beat)",18,0.553,0.539,50
ECR-R (Experiences in Close Relationships–Revised),I am very comfortable being close to romantic partners.,21,0.5523,1.679,47
Schwartz_Values,I seek out pleasure in life,12,0.551,1.266,48
NEED FOR COGNITION SCALE,I would rather do something that requires little thought than something that is sure to challenge my thinking abilities.,3,0.5507,1.02,48
Basic Psychological Needs Scale,When I am working I often do not feel very capable.,39,0.5491,1.792,49
Need for Closure Scale (NFCS),I don't like situations that are uncertain.,2,0.5491,1.61,48
Adult Temperament Questionnaire,"When I am happy and excited, I have a hard time focusing my attention.",49,0.5489,1.819,48
Adult Temperament Questionnaire,I find it very annoying when a store does not stock an item that I wish to buy.,16,0.5483,2.38,49
The Internal Representation Questionnaire,I hear a running summary of everything I am doing in my head,26,0.5475,1.36,48
NEED FOR COGNITION SCALE,Thinking is not my idea of fun.,2,0.5462,1.135,49
Need for Closure Scale (NFCS),"When I have made a decision, I feel relieved.",11,0.5462,1.068,50
BSI,Spells of terror or panic,44,0.5455,1.218,48
Varieties of Inner Speech Questionnaire,"My thinking in words is shortened compared to my normal out-loud speech. For example, rather than saying to myself things like ‘I need to go to the shops’, I will just say ‘shops’ to myself in my head.",13,0.5455,2.297,48
Schwartz_Values,Rituals are important to me,17,0.5453,1.134,48
Adult Temperament Questionnaire,I often notice mild odors and fragrances.,51,0.5453,3.062,49
IRQ,I can close my eyes and easily picture a scene that I have experienced,1,0.5431,1.666,50
SVQ,I sometimes verbalize my thoughts when I'm playing a computer game or video game,2,0.543,3.333,49
IRQ,"When I read, I tend to hear a voice in my ""mind’s ear""",21,0.5427,1.563,48
Adult Temperament Questionnaire,I am often bothered by light that is too bright.,31,0.5427,2.689,50
BAI,Shaky / unsteady,12,0.5426,0.375,49
BAI,Difficulty in breathing,14,0.5414,0.63,49
BSI,Feeling that people are unfriendly or dislike you,20,0.5398,0.644,47
Spheres of Control-3,Almost anything is possible for me if I really want it.,21,0.5396,1.076,40
Basic Psychological Needs Scale,On my job I do not get much of a chance to show how capable I am.,34,0.5394,1.875,49
Moral Foundations Questionnaire (MFQ-30),"People should not do things that are disgusting, even if no one is harmed.",4,0.5391,2.25,47
ECR-R (Experiences in Close Relationships–Revised),It makes me mad that I don't get the affection and support I need from my partner.,15,0.5387,1.7,48
Schwartz_Values,I crave a predictable life,19,0.5385,1.136,49
Five Facet Mindfullness Questionnaire (FFMQ),I tell myself that I shouldn’t be thinking the way I’m thinking.,24,0.5378,0.964,50
ECR-R (Experiences in Close Relationships–Revised),"When I show my feelings for romantic partners, I'm afraid they will not feel the same about me.",7,0.5374,1.475,48
HEXACO,People think of me as someone who has a quick temper.,20,0.5372,0.896,50
State Trait Anxiety Inventory,Some unimportant thought runs through my mind and bothers me,37,0.5363,0.627,48
Balanced Inventory of Desirable Responding Version 6,My parents were not always fair when they punished me.,13,0.5361,1.792,47
Five Facet Mindfullness Questionnaire (FFMQ),"I pay attention to sounds, such as clocks ticking, birds chirping, or cars passing.",19,0.5352,0.963,46
IRQ,If I talk to myself in my head it is usually accompanied by visual imagery,8,0.5342,0.98,50
Varieties of Inner Speech Questionnaire-R,"When I am talking to myself about things in my mind, it is like I am having a conversation with myself.",9,0.534,2.996,47
BAI,Feeling hot,1,0.5335,0.276,50
Basic Psychological Needs Scale,I feel like I am free to decide for myself how to live my life.,0,0.5329,2.844,50
IRQ,My memories are mainly visual in nature,6,0.5328,1.138,46
Adult Temperament Questionnaire,I am often late for appointments.,1,0.5327,2.262,48
DASS-21,I was aware of dryness of my mouth,1,0.5326,0.463,49
Spheres of Control-3,It is impossible to have any real influence over what big businesses do.,23,0.5312,1.605,49
HEXACO,"When I suffer from a painful experience, I need someone to make me feel comfortable.",16,0.5299,0.949,50
IRQ,When traveling to get to somewhere I tend to think more visually than verbally,7,0.5299,0.571,49
BAI,Hot/cold sweats,20,0.5293,0.413,49
State Trait Anxiety Inventory,I feel confused,17,0.5292,0.553,48
DASS-21,I felt I wasn’t worth much as a person,16,0.529,0.702,50
Social Dominance Orientation Scale 7,Sometimes other groups must be kept in their place.,7,0.5288,1.681,49
HEXACO,I find it boring to discuss philosophy.,90,0.5268,0.782,49
SVQ,I sometimes think out loud to myself when I'm trying to clean up a mess in a big hurry,7,0.5266,1.963,49
Adult Temperament Questionnaire,I especially enjoy conversations where I say things without thinking first.,72,0.5241,2.154,48
Adult Temperament Questionnaire,Sometimes I feel sad for longer than an hour.,44,0.524,2.992,49
Five Facet Mindfullness Questionnaire (FFMQ),I can usually describe how I feel at the moment in considerable detail.,36,0.5234,1.438,50
Adult Temperament Questionnaire,"When I am resting with my eyes closed, I sometimes see visual images.",38,0.5233,3.78,48
ECR-R (Experiences in Close Relationships–Revised),It's not difficult for me to get close to my partner.,26,0.5231,1.249,49
DASS-21,I experienced trembling (e.g. in the hands),6,0.5216,0.362,49
Adult Temperament Questionnaire,It takes a lot to make me feel truly happy.,69,0.5206,1.398,50
HEXACO,People often joke with me about the messiness of my room or desk.,49,0.5185,1.003,49
NEED FOR COGNITION SCALE,It's enough for me that something gets the job done; I don't care how or why it works.,16,0.5184,1.273,48
HEXACO,I think that I am entitled to more respect than the average person is.,71,0.5183,1.169,50
CERQ (Cognitive Emotion Regulation Questionnaire),I feel that others are to blame for it.,32,0.5181,0.79,50
Ambivalent Sexism Inventory,Most women interpret innocent remarks or acts as being sexist.,3,0.5175,1.689,49
Spheres of Control-3,With enough effort we can wipe out political corruption.,14,0.5172,1.125,49
DASS-21,I felt scared without any good reason,19,0.5172,0.505,49
Varieties of Inner Speech Questionnaire,"My thinking in words is more like a dialog with myself, rather than my own thoughts in a monolog.",5,0.5143,1.73,48
State Trait Anxiety Inventory,I feel inadequate,35,0.5124,0.221,17
IRQ,I find it difficult to imagine how a 3D geometric figure would look when rotated,32,0.5115,0.961,49
Schwartz_Values,I like to tell others what to do,13,0.5111,1.085,48
HEXACO,People see me as a hard-hearted person.,99,0.5104,0.638,48
State Trait Anxiety Inventory,I wish I could be as happy as others seem to be,23,0.5099,0.556,49
Adult Temperament Questionnaire,Very bright colors sometimes bother me.,41,0.5099,2.011,49
Moral Foundations Questionnaire (MFQ-30),Men and women each have different roles to play in society.,9,0.5081,1.968,48
BSI,Feeling that you are watched or talked about by others,23,0.5081,0.638,46
The Internal Representation Questionnaire,When traveling to get to somewhere I tend to think more visually than verbally,7,0.5076,0.73,46
BSI,Hot or cold spells,29,0.5066,0.719,48
Basic Psychological Needs Scale,"When I am with XXXXXXX, I feel controlled and pressured to be certain ways.",50,0.5062,2.657,47
Adult Temperament Questionnaire,Colorful flashing lights bother me.,53,0.5059,2.634,49
BSI,Nausea or upset stomach,22,0.5047,0.529,49
Schwartz_Values,I enjoy being in charge of a situation,21,0.5027,1.017,48
BAI,Fear of dying,15,0.5018,0.667,49
Adult Temperament Questionnaire,"I sometimes dream of vivid, detailed settings unlike waking experience.",61,0.501,4.191,48
HEXACO,I get very anxious when waiting to hear about an important decision.,82,0.5,1.236,49
DERS (Difficulties in Emotion Regulation Scale),"When I’m upset, I become irritated with myself for feeling that way",28,0.4993,0.981,47
Varieties of Inner Speech Questionnaire-R,I hear other people's voices nagging me in my head.,4,0.498,1.777,44
Varieties of Inner Speech Questionnaire-R,I talk to myself silently in an encouraging way.,18,0.4977,1.847,50
Balanced Inventory of Desirable Responding Version 6,It would be hard for me to break any of my bad habits.,1,0.4976,2.511,48
The Satisfaction with Life Scale,In most ways my life is close to my ideal,0,0.4973,0.343,46
Personal Need for Structure (PNS) Scale,I hate to be with people that are unpredictable,8,0.4967,1.259,49
CERQ (Cognitive Emotion Regulation Questionnaire),I feel that I am the one who is responsible for what has happened.,1,0.4966,0.934,48
SVQ,I sometimes guide myself using speech when I'm searching through a newspaper,17,0.4962,2.229,49
RWA scale 22-item,Our country desperately needs a mighty leader who will do what has to be done to destroy the radical new ways and sinfulness that are ruining us.,2,0.4958,4.518,50
BSI,Feelings of worthlessness,49,0.493,0.801,45
Religious Orientation Scale-R,I pray mainly to gain relief and protection. ,5,0.4919,1.038,47
State Trait Anxiety Inventory,I feel frightened,8,0.4907,0.381,48
Ambivalent Sexism Inventory,"Women, compared to men, tend to have a superior moral sensibility.",18,0.4889,1.496,46
Basic Psychological Needs Scale,People I interact with on a daily basis tend to take my feelings into consideration.,13,0.4888,1.919,50
HEXACO,People often tell me that I should try to cheer up.,69,0.4885,0.708,49
IRQ,A strategy I use to help me remember written material is imagining the writing,25,0.4884,0.997,49
SVQ,I sometimes think out loud to myself when I'm trying to write with a lot of distraction,1,0.4881,2.34,48
Belief in a Just World Scale,I believe that people generally receive the outcomes they deserve.,6,0.4877,0.884,49
Adult Temperament Questionnaire,I find certain scratchy sounds very irritating.,35,0.4864,3.02,48
Balanced Inventory of Desirable Responding Version 6,I have received too much change from a salesperson without telling him or her.,28,0.4862,1.201,49
The Internal Representation Questionnaire,"When I hear someone talking, I see words written down in my mind",22,0.4859,1.421,49
BSI,Never feeling close to another person,43,0.4842,0.957,48
Adult Temperament Questionnaire,"When I watch a movie, I usually don’t notice how setting conveys mood.",65,0.4837,2.059,49
IRQ,I rehearse in my mind how someone might respond to a text message before I send it,27,0.4826,0.955,49
Varieties of Inner Speech Questionnaire,I think to myself in words using full sentences.,6,0.4817,2.169,49
Five Facet Mindfullness Questionnaire (FFMQ),I pay attention to how my emotions affect my thoughts and behavior.,35,0.4814,1.261,50
HEXACO,I sometimes feel that I am a worthless person.,75,0.4813,0.722,48
HEXACO,I would be very bored by a book about the history of science and technology.,54,0.4812,0.582,49
Basic Psychological Needs Scale,I often do not feel very capable.,18,0.4812,2.088,49
Social Dominance Orientation Scale 7,In getting what you want‚ it is sometimes necessary to use force against other groups.,1,0.4799,1.933,50
BSI,Having urges to break or smash things,40,0.4789,0.659,48
BFI-2,"Leaves a mess, doesn’t clean up.",47,0.4788,0.898,50
HEXACO,I would get a lot of pleasure from owning expensive luxury goods.,89,0.4786,0.866,50
BAI,Dizzy or lightheaded,5,0.4778,0.458,49
Bayesian Racism Scale,"If you want to make accurate predictions, you should use information about a person’s ethnic group when deciding if they will perform well.",0,0.4772,1.944,47
Adult Temperament Questionnaire,It is very hard for me to focus my attention when I am distressed.,39,0.4769,3.458,49
Ambivalent Sexism Inventory,Many women have a quality of purity that few men possess.,7,0.4764,2.333,49
Basic Psychological Needs Scale,I do not feel very competent when I am at work.,23,0.4764,1.814,49
The Internal Representation Questionnaire,"When I am introduced to someone for the first time, I imagine what their name would look like when written down",24,0.4756,1.009,49
NEED FOR COGNITION SCALE,I like tasks that require little thought once I've learned them.,8,0.4756,1.009,49
DASS-21,I couldn’t seem to experience any positive feeling at all,2,0.4733,0.84,48
Individualism-collectivism IND-COL,I enjoy working in situations involving competition with others,14,0.4732,2.213,49
HEXACO,I would be tempted to buy stolen property if I were financially tight.,35,0.4731,0.55,49
BFI-2,Thinks poetry and plays are boring.,49,0.4728,0.958,49
Balanced Inventory of Desirable Responding Version 6,I have said something bad about a friend behind his or her back.,26,0.4707,2.319,48
Self-Talk Scale,I am really happy for myself,4,0.4701,0.91,49
Adult Temperament Questionnaire,"When I hear of an unhappy event, I immediately feel sad.",64,0.4696,3.347,50
Adult Temperament Questionnaire,I would probably enjoy playing a challenging and fast-paced video game with lots of noise and lights.,29,0.4694,1.939,49
Varieties of Inner Speech Questionnaire,I think to myself in words using brief phrases and single words rather than full sentences.,0,0.4683,1.618,47
BSI,Feeling that most people cannot be trusted,9,0.4677,0.866,46
Basic Psychological Needs Scale,In my life I do not get much of a chance to show how capable I am.,14,0.4676,2.142,50
BSI,The idea that something is wrong with your mind,52,0.4672,0.622,49
MCQ-30,Worrying helps me to get things sorted out in my mind,9,0.4663,0.604,49
ECR-R (Experiences in Close Relationships–Revised),I feel comfortable depending on romantic partners.,32,0.466,0.711,46
The Internal Representation Questionnaire,My memories often involve conversations I’ve had,20,0.4652,0.9,48
BAI,Wobbliness in legs,2,0.4646,0.23,49
Varieties of Inner Speech Questionnaire,"I hear the voice of another person in my head. For example, when I have done something foolish I hear my mother's voice criticising me in my mind.",2,0.4644,1.844,48
MCQ-30,Not being able to control my thoughts is a sign of weakness,19,0.4634,0.473,46
SVQ,I sometimes think out loud to myself when I'm working on a crossword puzzle,11,0.4632,2.82,47
Spheres of Control-3,I usually do not set goals because I have a hard time following through on them.,15,0.463,1.883,48
CERQ (Cognitive Emotion Regulation Questionnaire),I feel that basically the cause lies with others.,35,0.4623,0.98,49
IRQ,I often enjoy the use of mental pictures to reminisce,0,0.4615,0.98,50
HEXACO,"I prefer to do whatever comes to mind, rather than stick to a plan.",91,0.4603,0.842,50
Belief in a Just World Scale,I believe that people who meet with misfortune have often brought it on themselves.,4,0.4576,1.319,48
HEXACO,"When it comes to physical danger, I am very fearful.",52,0.4566,1.06,48
Moral Foundations Questionnaire (MFQ-30),It can never be right to kill a human being,11,0.4558,2.721,46
HEXACO,Sometimes I like to just watch the wind as it blows through the trees.,72,0.4545,0.491,49
State Trait Anxiety Inventory,I feel like a failure,24,0.4539,0.342,49
BSI,Temper outbursts that you could not control,12,0.4519,0.69,47
DASS-21,"I experienced breathing difficulty (e.g. excessively rapid breathing, breathlessness in the absence of physical exertion)",3,0.4517,0.249,49
ECR-R (Experiences in Close Relationships–Revised),I find it easy to depend on romantic partners.,33,0.4511,1.882,47
DERS (Difficulties in Emotion Regulation Scale),"When I’m upset, I believe that I will remain that way for a long time",14,0.4499,1.02,48
DERS (Difficulties in Emotion Regulation Scale),I am attentive to my feelings,5,0.4498,1.37,50
Religious Orientation Scale-R,It is important to me to spend time in private thought and prayer. ,3,0.4497,0.923,50
ECR-R (Experiences in Close Relationships–Revised),I worry that romantic partners won’t care about me as much as I care about them.,3,0.4497,1.383,48
Schwartz_Values,Achieving my goals is one of the greatest joys in life,18,0.4492,1.526,49
BFI-2,Can be cold and uncaring.,46,0.4492,0.624,48
BSI,Feeling weak in parts of your body,36,0.4488,0.589,48
BSI,Poor appetite,10,0.4484,0.367,50
The Internal Representation Questionnaire,"I hear words in my ""mind’s ear"" when I think",17,0.4482,1.227,48
Basic Psychological Needs Scale,I feel like I can make a lot of inputs to deciding how my job gets done.,21,0.4482,2.041,50
IRQ,I often use mental images or pictures to help me remember things,5,0.4473,0.925,48
MCQ-30,I should be in control of my thoughts all of the time,12,0.4473,0.854,47
Bayesian Racism Scale,"When the only thing you know about someone is their race, it makes sense to use your knowledge of their racial group to form an impression of them.",2,0.4469,1.516,48
Self-Talk Scale,I feel ashamed of something I’ve done,6,0.4462,0.794,49
BAI,Unsteady,7,0.4462,0.444,50
BSI,Suddenly scared for no reason,11,0.4462,0.708,49
HEXACO,The first thing that I always do in a new place is to make friends.,87,0.4459,0.676,50
BFI-2,Has an assertive personality.,5,0.4454,0.304,50
IRQ,I often talk to myself internally while watching TV,19,0.4451,0.814,49
Belief in a Just World Scale,I think basically the world is a just place.,3,0.4446,0.734,48
Religious Orientation Scale-R,What religion offers me most is comfort in times of trouble and sorrow. ,7,0.4438,0.542,49
Varieties of Inner Speech Questionnaire,"I hear other people's actual voices in my head, saying things that they actually once said to me.",15,0.4431,1.537,45
Adult Temperament Questionnaire,Looking down at the ground from an extremely high place would make me feel uneasy.,11,0.4431,3.244,50
BSI,Numbness or tingling in parts of your body,32,0.4419,0.433,50
Moral Foundations Questionnaire (MFQ-30),"People should be loyal to their family members, even when they have done something wrong.",8,0.4415,1.354,49
Religious Orientation Scale-R,Prayer is peace and happiness. ,8,0.4414,0.42,47
Moral Foundations Questionnaire (MFQ-30),I would call some acts wrong on the grounds that they are unnatural,10,0.4412,1.291,47
Basic Psychological Needs Scale,People at work care about me.,35,0.4404,1.702,48
Spheres of Control-3,I often find it hard to get my point of view across to others.,22,0.4401,1.239,24
The Internal Representation Questionnaire,My memories are mainly visual in nature,6,0.4399,0.703,46
Ambivalent Sexism Inventory,"No matter how accomplished he is, a man is not truly complete as a person unless he has the love of a woman.",0,0.4396,1.038,50
CERQ (Cognitive Emotion Regulation Questionnaire),I think about pleasant experiences.,15,0.4391,0.684,49
ECR-R (Experiences in Close Relationships–Revised),I often wish that my partner's feelings for me were as strong as my feelings for him or her.,4,0.4373,1.266,46
Ambivalent Sexism Inventory,Every man ought to have a woman whom he adores.,11,0.4368,2.032,49
BSI,Your mind going blank,31,0.4367,0.63,49
PROTESTANT WORK ETHIC SCALE_,Most people who do not succeed in life are just plain lazy,5,0.4366,1.542,49
Varieties of Inner Speech Questionnaire-R,"I hear other people's actual voices in my head, saying things that they actually once said to me.",15,0.4363,2.113,48
BSI,Trouble getting your breath,28,0.4358,0.555,44
PROTESTANT WORK ETHIC SCALE_,Any man who is able and willing to work hard has a good chance of succeeding,9,0.4358,0.783,48
Ambivalent Sexism Inventory,"Once a woman gets a man to commit to her, she usually tries to put him on a tight leash.",14,0.4355,1.265,50
BSI,The idea that you should be punished for your sins,33,0.4341,0.605,47
Balanced Inventory of Desirable Responding Version 6,There have been occasions when I have taken advantage of someone.,22,0.4329,1.708,49
Basic Psychological Needs Scale,The people I work with do not seem to like me much.,38,0.4326,1.714,50
Balanced Inventory of Desirable Responding Version 6,The reason I vote is because my vote can make a difference.,12,0.4322,2.824,49
Balanced Inventory of Desirable Responding Version 6,I have not always been honest with myself.,3,0.4316,2.296,49
Varieties of Inner Speech Questionnaire,I hear other people's voices nagging me in my head.,4,0.4314,0.929,50
PROTESTANT WORK ETHIC SCALE_,Life would be more meaningful if we had more leisure time,14,0.4298,0.915,50
Ambivalent Sexism Inventory,Men should be willing to sacrifice their own well being in order to provide financially for the women in their lives.,19,0.4298,0.913,49
Varieties of Inner Speech Questionnaire-R,"When angry, my inner speech can help calm me down.",24,0.4289,2.145,48
Moral Foundations Questionnaire (MFQ-30),I think it’s morally wrong that rich children inherit a lot of money while poor children inherit nothing.,12,0.4284,1.345,47
Personal Need for Structure (PNS) Scale,I do not like situations that are uncertain,6,0.4279,1.393,48
BSI,Thoughts of death or dying,38,0.4274,0.537,45
SVQ,I sometimes plan my actions out loud when I'm getting organized,6,0.4257,1.967,49
BSI,The idea that someone else can control your thoughts,2,0.4251,0.686,46
Basic Psychological Needs Scale,The people I interact with regularly do not seem to like me much.,17,0.4242,1.204,47
Personal Need for Structure (PNS) Scale,I enjoy the exhilaration of being put in unpredictable situations,10,0.424,1.145,49
ECR-R (Experiences in Close Relationships–Revised),I talk things over with my partner.,30,0.4236,1.445,48
HEXACO,I would feel afraid if I had to travel in bad weather conditions.,4,0.4228,1.083,49
Ambivalent Sexism Inventory,"Women, as compared to men, tend to have a more refined sense of culture and good taste.",21,0.4227,1.658,48
Individualism-collectivism IND-COL,What happens to me is my own doing,24,0.4225,3.571,49
Basic Psychological Needs Scale,"When I am with XXXXXXX, I feel very capable and effective.",48,0.4224,2.07,46
BFI-2,Has little creativity.,29,0.4207,0.723,48
The Internal Representation Questionnaire,I rehearse in my mind how someone might respond to a text message before I send it,27,0.4202,0.606,49
Basic Psychological Needs Scale,Most days I feel a sense of accomplishment from what I do.,12,0.4201,2.297,49
Varieties of Inner Speech Questionnaire,"When I am talking to myself about things in my mind, it is like I am going back and forward asking myself questions and then answering them.",1,0.4198,2.157,49
Varieties of Inner Speech Questionnaire-R,"I evaluate my behavior using my inner speech. For example I say to myself, “that was good” or “that was stupid”",17,0.4198,3.085,48
BAI,Feeling of choking,10,0.4183,0.303,49
SVQ,I sometimes verbalize my thoughts when I'm searching for a book in a library,16,0.417,2.092,50
RWA scale 22-item,"There are many radical, immoral people in our country today, who are trying to ruin it for their own godless purposes, whom the authorities should put out of action.",16,0.4142,5.17,48
The Internal Representation Questionnaire,I find it difficult to imagine how a three-dimensional geometric figure would exactly look like when rotated,32,0.4136,0.886,45
HEXACO,People often call me a perfectionist.,85,0.4116,0.582,50
ECR-R (Experiences in Close Relationships–Revised),I am nervous when partners get too close to me.,31,0.4114,1.648,48
ECR-R (Experiences in Close Relationships–Revised),Sometimes romantic partners change their feelings about me for no apparent reason.,12,0.4112,0.785,49
EMOTION REGULATION QUESTIONNAIRE (ERQ)_,I control my emotions by not expressing them.,5,0.4112,1.173,46
ECR-R (Experiences in Close Relationships–Revised),"When my partner is out of sight, I worry that he or she might become interested in someone else.",6,0.4106,1.942,47
Ambivalent Sexism Inventory,"When women lose to men in a fair competition, they typically complain about being discriminated against.",15,0.4094,1.036,46
BFI-2,Has little interest in abstract ideas.,54,0.4079,1.087,50
Moral Foundations Questionnaire (MFQ-30),Whether or not someone conformed to the traditions of society,9,0.4069,1.215,47
BSI,Thoughts of ending your life,8,0.4066,1.063,43
BSI,Feeling afraid in open spaces,7,0.4055,0.381,48
RWA scale 22-item,"What our country really needs is a strong, determined leader who will crush evil, and take us back to our true path.",13,0.4053,4.333,48
Need for Closure Scale (NFCS),I dislike unpredictable situations.,39,0.4046,1.43,46
RWA scale 22-item,"You have to admire those who challenged the law and the majority's view by protesting for women's abortion rights, for animal rights, or to abolish school prayer.",12,0.4038,1.667,49
CERQ (Cognitive Emotion Regulation Questionnaire),I think of something nice instead of what has happened.,14,0.403,0.559,50
HEXACO,"If I knew that I could never get caught, I would be willing to steal a million dollars.",11,0.403,0.847,50
Varieties of Inner Speech Questionnaire-R,I experience the voices of other people asking me questions in my head.,3,0.4029,0.609,45
Varieties of Inner Speech Questionnaire-R,"I hear other people's actual voices in my head, saying things that they have never said to me before.",11,0.4025,0.933,47
CMQ Conspiracy mentality,Events which superficially seem to lack a connection are often the result of secret activities,3,0.402,3.571,50
Individualism-collectivism IND-COL,Without competition it is impossible to have a good society,26,0.4019,1.848,49
Ambivalent Sexism Inventory,Women exaggerate problems they have at work.,13,0.4003,1.079,47
NEED FOR COGNITION SCALE,I only think as hard as I have to.,6,0.4002,1.208,46
HEXACO,I think that paying attention to radical ideas is a waste of time.,18,0.4,0.488,50
IRQ,My memories often involve conversations I’ve had,20,0.3994,0.773,49
Religious Orientation Scale-R,I go to church because it helps me to make friends. ,1,0.398,0.764,48
Balanced Inventory of Desirable Responding Version 6,I always declare everything at customs.,29,0.3976,5.362,50
BAI,Face flushed,19,0.3971,0.497,49
Varieties of Inner Speech Questionnaire,I experience the voices of other people asking me questions in my head.,3,0.3952,0.668,44
Individualism-collectivism IND-COL,Winning is everything,2,0.393,3.75,49
HEXACO,I would like to be seen driving around in a very expensive car.,65,0.3917,0.719,48
Need for Closure Scale (NFCS),I feel uncomfortable when someone's meaning or intention is unclear to me.,35,0.3913,0.772,47
Balanced Inventory of Desirable Responding Version 6,My first impressions of people usually turn out to be right.,0,0.3906,1.5,48
Spheres of Control-3,Bad luck has sometimes prevented me from achieving things.,18,0.3894,1.417,49
Social Dominance Orientation Scale 7,If certain groups stayed in their place‚ we would have fewer problems.,4,0.3894,1.038,47
Personal Need for Structure (PNS) Scale,I ﬁnd that a well-ordered life with regular hours makes my life tedious,5,0.3892,1.147,49
Adult Temperament Questionnaire,Sometimes my mind is full of loosely connected thoughts and images.,40,0.3884,2.344,49
SVQ,I sometimes think out loud to myself when I'm trying to organize pages of notes,3,0.3883,2.242,46
Varieties of Inner Speech Questionnaire,"I evaluate my behavior using my inner speech. For example I say to myself, “that was good” or “that was stupid”",17,0.3882,1.729,48
Ambivalent Sexism Inventory,Women seek to gain power by getting control over men.,10,0.388,0.892,48
Five Facet Mindfullness Questionnaire (FFMQ),I disapprove of myself when I have irrational ideas.,38,0.3856,0.693,49
Schwartz_Values,It is important to be successful,3,0.385,0.466,46
Varieties of Inner Speech Questionnaire,I talk back and forward to myself in my mind about things.,12,0.3846,2.128,49
Moral Foundations Questionnaire (MFQ-30),Whether or not someone’s action showed love for his or her country,2,0.3843,1.19,48
BFI-2,Is suspicious of others’ intentions.,41,0.3832,0.594,49
HEXACO,"I’d be tempted to use counterfeit money, if I were sure I could get away with it.",83,0.3832,0.584,47
HEXACO,"If I want something from a person I dislike, I will act very nicely toward that person in order to get it.",5,0.3807,1.143,50
Religious Orientation Scale-R,I go to church mostly to spend time with my friends. ,10,0.3806,0.702,49
EMOTION REGULATION QUESTIONNAIRE (ERQ)_,"When I want to feel less negative emotion (such as sadness or anger), I change what I’m thinking about.",2,0.3806,1.056,49
HEXACO,"Whenever I feel worried about something, I want to share my concern with another person.",64,0.3802,0.554,47
BSI,"Feeling afraid to travel on buses, subways, or trains",27,0.3789,0.351,48
Self-Talk Scale,Something bad has happened to me,13,0.3773,1.078,50
Basic Psychological Needs Scale,I really like the people I interact with.,1,0.3772,1.713,50
DERS (Difficulties in Emotion Regulation Scale),I know exactly how I am feeling,6,0.377,1.298,50
Varieties of Inner Speech Questionnaire-R,"My thinking in words is more like a dialog with myself, rather than my own thoughts in a monolog.",5,0.3753,2.225,49
Five Facet Mindfullness Questionnaire (FFMQ),"When I take a shower or bath, I stay alert to the sensations of water on my body.",5,0.375,0.991,50
Balanced Inventory of Desirable Responding Version 6,When I was young I sometimes stole things.,30,0.3746,0.723,48
The Satisfaction with Life Scale,I am satisfied with life,2,0.3745,0.367,49
Gavagai,"You have a certain amount of gavagai, and you can’t really do much to change it",0,0.3744,0.903,49
Ambivalent Sexism Inventory,"Many women are actually seeking special favors, such as hiring policies that favor them over men, under the guise of asking for ""equality"".",1,0.3735,1.636,47
BAI,Handstrembling,11,0.3728,0.404,48
IRQ,I think about problems in my mind in the form of a conversation with myself,10,0.3718,1.086,49
Balanced Inventory of Desirable Responding Version 6,I rarely appreciate criticism.,15,0.3713,2.952,49
Spheres of Control-3,One of the major reasons we have wars is because people don't take enough interest in politics.,17,0.3702,0.834,50
NEED FOR COGNITION SCALE,"I prefer to think about small, daily projects to long-term ones.",7,0.3697,0.977,48
BSI,"Having urges to beat, injure, or harm someone",39,0.3695,0.455,43
ECR-R (Experiences in Close Relationships–Revised),"I'm afraid that once a romantic partner gets to know me, he or she won't like who I really am.",14,0.3695,1.135,47
HEXACO,It wouldn’t bother me to harm someone I didn’t like.,98,0.3686,0.28,46
The Satisfaction with Life Scale,So far I have gotten the important things I want in life,3,0.3678,0.296,47
Moral Foundations Questionnaire (MFQ-30),Whether or not someone showed a lack of respect for authority,3,0.3663,0.975,47
SVQ,I sometimes verbalize my thoughts when I'm memorizing something for an exam,4,0.3655,2.681,48
Need for Closure Scale (NFCS),I prefer to socialize with familiar friends because I know what to expect from them.,25,0.3632,0.585,48
Adult Temperament Questionnaire,It doesn’t take much to evoke a happy response in me.,48,0.3617,2.327,50
The Internal Representation Questionnaire,I tend to think things through verbally when I am relaxing,14,0.3607,0.61,49
EMOTION REGULATION QUESTIONNAIRE (ERQ)_,"When I want to feel more positive emotion (such as joy or amusement), I change what I’m thinking about.",0,0.3606,1.402,48
RWA scale 22-item,Our country will be destroyed someday if we do not smash the perversions eating away at our moral fiber and traditional beliefs.,9,0.3592,4.029,46
Individualism-collectivism IND-COL,I would do what would please my family,1,0.3577,2.663,50
Varieties of Inner Speech Questionnaire-R,I talk silently to myself telling myself not to do things.,16,0.3556,2.344,49
Varieties of Inner Speech Questionnaire,I talk silently to myself telling myself to do things.,10,0.3504,2.366,47
IRQ,I tend to think things through verbally when I am relaxing,14,0.3499,0.664,47
HEXACO,"If someone has cheated me once, I will always feel suspicious of that person.",50,0.3496,0.957,49
MCQ-30,I have little confidence in my memory for words and names,7,0.3489,0.51,48
DERS (Difficulties in Emotion Regulation Scale),I pay attention to how I feel,1,0.3477,0.953,47
Personal Need for Structure (PNS) Scale,I like being spontaneous,4,0.3473,0.56,48
BFI-2,"Is outgoing, sociable.",0,0.347,0.467,49
BFI-2,"Feels secure, comfortable with self.",23,0.3465,0.302,49
Self-Monitoring Scale,"At a party, I let others keep the jokes and stories going.",21,0.3463,0.255,48
BFI-2,Feels little sympathy for others.,16,0.3459,0.792,49
Psychological Well-Being Scales,I am quite good at managing the many responsibilities of my daily life.,19,0.3458,1.447,47
HEXACO,I find it hard to fully forgive someone who has done something mean to me.,74,0.3454,0.816,50
Need for Closure Scale (NFCS),"Even if I get a lot of time to make a decision, I still feel compelled to decide quickly.",16,0.3447,1.062,48
ECR-R (Experiences in Close Relationships–Revised),My partner really understands me and my needs,35,0.3431,1.337,47
Varieties of Inner Speech Questionnaire,"I hear other people's actual voices in my head, saying things that they have never said to me before.",11,0.3425,0.882,45
Interpersonal Reactivity Index (IRI),"When I watch a good movie, I can very easily put myself in the place of a leading character. ",22,0.3412,0.855,49
Need for Closure Scale (NFCS),I don't like to be with people who are capable of unexpected actions.,24,0.3408,1.142,48
Schwartz_Values,I value my creativity and individuality,5,0.3395,0.793,48
Religious Orientation Scale-R,I go to church mainly because I like seeing people I know there. ,12,0.3365,0.879,49
HEXACO,I feel reasonably satisfied with myself overall.,3,0.3338,0.261,49
SVQ,I sometimes think out loud to myself when I'm looking for a number in the phone book,19,0.3333,2.601,47
Varieties of Inner Speech Questionnaire-R,"My thinking in words is shortened compared to my normal out-loud speech. For example, rather than saying to myself things like ‘I need to go to the shops’, I will just say ‘shops’ to myself in my head.",13,0.3327,3.016,32
PROTESTANT WORK ETHIC SCALE_,The self-made man is likely to be more ethical than the man born to wealth,6,0.3325,0.504,48
Need for Closure Scale (NFCS),I think it is fun to change my plans at the last moment.,17,0.3318,0.925,49
Moral Foundations Questionnaire (MFQ-30),Whether or not someone was good at math,5,0.3316,0.67,48
HEXACO,"When working, I often set ambitious goals for myself.",7,0.3311,0.5,50
The Internal Representation Questionnaire,My inner speech helps my imagination,13,0.3307,0.961,46
Varieties of Inner Speech Questionnaire-R,"When I am talking to myself about things in my mind, it is like I am going back and forward asking myself questions and then answering them.",1,0.3302,2.446,48
Spheres of Control-3,I have no trouble making and keeping friends.,4,0.3299,1.402,48
Ambivalent Sexism Inventory,Women are too easily offended.,4,0.3299,1.533,46
ECR-R (Experiences in Close Relationships–Revised),My partner only seems to notice me when I’m angry.,17,0.3269,1.549,47
The Internal Representation Questionnaire,I think about problems in my mind in the form of a conversation with myself,10,0.3267,0.87,46
Interpersonal Reactivity Index (IRI),Sometimes I don't feel very sorry for other people when they are having problems,3,0.3263,0.589,48
HEXACO,I find it hard to compromise with people when I really think I’m right.,86,0.3244,0.815,50
CERQ (Cognitive Emotion Regulation Questionnaire),I think about the mistakes others have made in this matter.,34,0.3227,0.634,48
SVQ,I sometimes think out loud to myself when I'm proofreading something I've written,12,0.3225,2.944,47
HEXACO,"In social situations, I'm usually the one who makes the first move.",33,0.3223,0.547,50
Spheres of Control-3,I prefer to concentrate my energy on other things rather than on solving the world's problems.,26,0.322,1.507,48
Need for Closure Scale (NFCS),"When dining out, I like to go to places where I have been before so that I know what to expect.",6,0.3206,1.089,45
Self-Monitoring Scale,"In groups of people, I am rarely the center of attention.",11,0.3193,0.231,49
RWA scale 22-item,Women should have to promise to obey their husbands when they get married.,1,0.3192,0.759,47
Bayesian Racism Scale,"Law enforcement officers should pay particular attention to those social groups more heavily involved in crime, even if this means focusing on members of particular ethnic groups.",3,0.319,2.575,50
PROTESTANT WORK ETHIC SCALE_,A distaste for hard work usually reflects a weakness of character,18,0.3187,1.996,48
Spheres of Control-3,I find it easy to play an important part in most group situations.,28,0.3185,0.679,48
Basic Psychological Needs Scale,People at work are pretty friendly towards me.,41,0.3178,1.153,50
HEXACO,"I avoid making ""small talk"" with people.",15,0.3168,0.599,49
Varieties of Inner Speech Questionnaire-R,I think to myself in words using brief phrases and single words rather than full sentences.,0,0.3166,1.684,50
Spheres of Control-3,I can usually steer a conversation toward the topics I want to talk about.,13,0.3164,0.648,49
Varieties of Inner Speech Questionnaire-R,I talk silently to myself telling myself to do things.,10,0.315,2.78,38
Meaning in Life Questionnaire (MLQ),My life has no clear purpose.,8,0.313,3.186,44
Individualism-collectivism IND-COL,It is important for me that I do my job better than the others,10,0.3123,3.451,49
Social Dominance Orientation Scale 7,Some groups of people are simply inferior to other groups.,0,0.3121,0.618,47
CERQ (Cognitive Emotion Regulation Questionnaire),I want to understand why I feel the way I do about what I have experienced.,10,0.3119,1.237,49
Need for Closure Scale (NFCS),I think that I would learn best in a class that lacks clearly stated objectives and requirements.,26,0.3115,0.622,49
SVQ,I sometimes guide my actions using speech when I use unfamiliar equipment,8,0.3091,2.525,48
Psychological Well-Being Scales,I think it is important to have new experiences that challenge how you think about yourself and the world.,8,0.3083,0.83,49
Varieties of Inner Speech Questionnaire-R,"My thinking to myself in words is like shorthand notes, rather than full, proper, grammatical English.",7,0.3082,2.754,46
MCQ-30,I will be punished for not controlling certain thoughts,21,0.3074,0.63,49
Basic Psychological Needs Scale,Most days I feel a sense of accomplishment from working.,32,0.3066,2.617,49
BFI-2,"Is dominant, acts as a leader.",20,0.305,0.487,49
SVQ,I sometimes think out loud to myself when I'm trying to remember what to buy,24,0.3041,2.07,49
State Trait Anxiety Inventory,I feel pleasant,20,0.3039,0.657,49
Individualism-collectivism IND-COL,I like my privacy,16,0.3031,2.915,49
Schwartz_Values,Doing things as they have always been done is more important than changing things ,24,0.3013,0.649,50
Self-Talk Scale,I’m proud of something I’ve done,7,0.301,0.824,49
Individualism-collectivism IND-COL,I am a unique individual,12,0.3008,3.071,50
MCQ-30,It is bad to think certain thoughts,24,0.2998,0.612,50
Meaning in Life Questionnaire (MLQ),I have discovered a satisfying life purpose.,5,0.2993,2.229,47
Spheres of Control-3,I prefer games involving some luck over games requiring pure skill.,6,0.2987,0.651,50
DERS (Difficulties in Emotion Regulation Scale),"When I’m upset, I acknowledge my emotions",9,0.2957,1.341,47
Adult Temperament Questionnaire,Loud music is unpleasant to me.,58,0.2956,1.261,49
Individualism-collectivism IND-COL,I often do my own thing,8,0.2946,2.297,47
RWA scale 22-item,"The only way our country can get through the crisis ahead is to get back to our traditional values, put some tough leaders in power, and silence the troublemakers spreading bad ideas.",6,0.2922,4.294,50
HEXACO,I prefer jobs that involve active social interaction to those that involve working alone.,63,0.29,0.449,49
MCQ-30,I constantly examine my thoughts,29,0.2883,0.529,49
Spheres of Control-3,I'm not good at guiding the course of a conversation with several others.,7,0.2874,1.266,48
EMOTION REGULATION QUESTIONNAIRE (ERQ)_,"When I want to feel less negative emotion, I change the way I’m thinking about the situation.",9,0.2872,1.261,50
Schwartz_Values,It makes sense to seek out pleasure and avoid pain,26,0.2862,1.159,48
Social Dominance Orientation Scale 7,Inferior groups should stay in their place.,6,0.2857,0.39,47
SVQ,I sometimes verbalize my thoughts when I discover that I've locked my keys inside,14,0.2856,2.805,48
Varieties of Inner Speech Questionnaire-R,"I think in inner speech about what I have done, and whether it was right or not.",8,0.2855,2.074,48
Personal Need for Structure (PNS) Scale,I become uncomfortable when the rules in a situation are not clear,11,0.2855,1.05,49
Self-Talk Scale,Something good has happened to me,1,0.2844,0.717,49
Schwartz_Values,It is important for me to feel authentic to who I really am,25,0.2844,1.092,49
Religious Orientation Scale-R,"Although I am religious, I don’t let it affect my daily life. ",9,0.2835,0.612,49
Individualism-collectivism IND-COL,My happiness depends very much on the happiness of those around me,3,0.2833,2.764,48
Adult Temperament Questionnaire,"When I am listening to music, I am usually aware of subtle emotional tones.",12,0.2801,2.375,49
CERQ (Cognitive Emotion Regulation Questionnaire),I think of nicer things than what I have experienced.,12,0.28,0.681,49
Need for Closure Scale (NFCS),"When I am confronted with a problem, I'm dying to reach a solution very quickly.",12,0.2799,1.253,49
Basic Psychological Needs Scale,I pretty much keep to myself when I am at work.,27,0.2791,1.417,49
HEXACO,I feel that I am an unpopular person.,51,0.2786,0.838,49
Self-Talk Scale,I should have done something differently,0,0.2775,1.062,50
Balanced Inventory of Desirable Responding Version 6,I have done things that I don’t tell other people about.,34,0.2765,3.078,48
Spheres of Control-3,I find it pointless to keep working on something that's too difficult for me.,27,0.2755,2.127,47
PROTESTANT WORK ETHIC SCALE_,I feel uneasy when there is little work for me to do,17,0.2742,1.731,49
DERS (Difficulties in Emotion Regulation Scale),When I’m upset I take time to figure out what I’m really feeling,33,0.2739,0.997,49
HEXACO,"Often when I set a goal, I end up quitting without having reached it.",55,0.2734,0.449,50
State Trait Anxiety Inventory,I feel content,15,0.2713,0.663,46
SVQ,I sometimes verbalize my thoughts when I'm deciding whether I've done a good job,10,0.2692,2.184,49
Psychological Well-Being Scales,I have not experienced many warm and trusting relationships with others.,33,0.2675,3.724,49
RWA scale 22-item,"The established authorities generally turn out to be right about things, while the radicals and protestors are usually just ""loud mouths"" showing off their ignorance.",0,0.2673,2.735,49
ECR-R (Experiences in Close Relationships–Revised),I feel comfortable sharing my private thoughts and feelings with my partner,19,0.2665,1.1,46
Ambivalent Sexism Inventory,Most women fail to appreciate fully all that men do for them.,9,0.266,0.849,48
Moral Foundations Questionnaire (MFQ-30),Whether or not someone showed a lack of loyalty,13,0.2647,1.041,47
Moral Foundations Questionnaire (MFQ-30),Chastity is an important and valuable virtue.,15,0.2626,1.201,47
Individualism-collectivism IND-COL,To me pleasure is spending time with others,27,0.261,3.645,47
Individualism-collectivism IND-COL,I enjoy being unique and different from the others in many ways,28,0.2597,2.546,48
ECR-R (Experiences in Close Relationships–Revised),It's easy for me to be affectionate with my partner.,34,0.2589,0.844,49
Self-Monitoring Scale-Revised,My powers of intuition are quite good when it comes to understanding others’ emotions and motives.,4,0.2588,0.903,49
PROTESTANT WORK ETHIC SCALE_,Life would have very little meaning if we never had to suffer,11,0.2564,1.842,49
Adult Temperament Questionnaire,I rarely enjoy socializing with large groups of people.,45,0.2553,1.851,48
IRQ,"I can easily imagine someone clearly talking, and then imagine the same voice with a heavy cold",33,0.2552,0.836,50
BFI-2,Tends to find fault with others.,11,0.2537,0.717,50
Basic Psychological Needs Scale,People in my life care about me.,11,0.2531,2.694,50
State Trait Anxiety Inventory,I feel pleasant,19,0.2528,0.766,47
Need for Closure Scale (NFCS),I believe that orderliness and organization are among the most important characteristics of a good student.,22,0.2522,0.333,49
BFI-2,Is full of energy.,40,0.2517,0.583,50
BFI-2,Tends to be quiet.,15,0.2481,0.67,50
ECR-R (Experiences in Close Relationships–Revised),I find that my partner(s) don't want to get as close as I would like.,11,0.2455,0.979,49
Rosenberg Self-Esteem Scale,I feel that I have a number of good qualities,2,0.2442,0.273,49
ECR-R (Experiences in Close Relationships–Revised),I find it difficult to allow myself to depend on romantic partners.,20,0.2442,0.875,49
CERQ (Cognitive Emotion Regulation Questionnaire),I think about the mistakes I have made in this matter.,2,0.2439,0.461,48
Spheres of Control-3,"There is nothing we, as consumers, can do to keep the cost of living from going higher.",20,0.2438,1.085,47
EMOTION REGULATION QUESTIONNAIRE (ERQ)_,I control my emotions by changing the way I think about the situation I’m in.,7,0.2434,1.326,48
Moral Foundations Questionnaire (MFQ-30),"If I were a soldier and disagreed with my commanding officer’s orders, I would obey anyway because that is my duty.",14,0.2424,1.486,49
Schwartz_Values,I like routine and dislike the unexpected,9,0.2415,0.873,49
Psychological Well-Being Scales,"Some people wander aimlessly through life, but I am not one of them",34,0.2395,0.934,49
Personal Need for Structure (PNS) Scale,I ﬁnd that a consistent routine enables me to enjoy life more,9,0.2386,0.305,48
MCQ-30,I do not trust my memory,25,0.2386,0.476,47
IRQ,My inner speech helps my imagination,13,0.2379,0.285,49
Adult Temperament Questionnaire,I sometimes seem to be unable to feel pleasure from events and activities that I should enjoy.,15,0.2336,1.686,48
HEXACO,I enjoy having lots of people around to talk with.,39,0.2336,0.562,50
ECR-R (Experiences in Close Relationships–Revised),I get uncomfortable when a romantic partner wants to be very close.,24,0.2329,1.365,46
Need for Closure Scale (NFCS),I like to have friends who are unpredictable.,4,0.2319,1.051,50
Interpersonal Reactivity Index (IRI),"When I am reading an interesting story or novel, I imagine how I would feel if the events in the story were happening to me. ",25,0.2316,1.064,49
HEXACO,"If I had the opportunity, I would like to attend a classical music concert.",48,0.2313,0.336,50
Social Dominance Orientation Scale 7,It’s probably a good thing that certain groups are at the top and other groups are at the bottom.,5,0.2311,0.907,47
Need for Closure Scale (NFCS),I enjoy the uncertainty of going into a new situation without knowing what might happen.,18,0.2308,0.705,46
Adult Temperament Questionnaire,I would enjoy watching a laser show with bright flashing lights.,63,0.2296,2.153,49
The Internal Representation Questionnaire,I like to give myself some down time to talk through thoughts in my mind,16,0.2284,0.428,49
Self-Talk Scale,I’m imagining how other people respond to things I’ve said,3,0.2255,0.464,50
NEED FOR COGNITION SCALE,I find satisfaction in deliberating hard and for long hours.,5,0.2247,1.054,47
Ambivalent Sexism Inventory,A good woman should be set on a pedestal by her man.,16,0.2229,0.808,48
MCQ-30,Worrying helps me to avoid problems in the future,0,0.2217,0.583,49
Gavagai,"You can learn new things, but you can’t really change your basic gavagai",5,0.2205,1.209,48
Spheres of Control-3,"When I need assistance with something, I often find it difficult to get others to help.",16,0.2197,1.113,48
RWA scale 22-item,This country would work a lot better if certain groups of troublemakers would just shut up and accept their group's traditional place in society.,21,0.2189,1.162,45
Belief in a Just World Scale,I feel that injustice is the exception rather than the rule.,5,0.2185,1.25,49
Five Facet Mindfullness Questionnaire (FFMQ),I’m good at finding words to describe my feelings.,1,0.2174,0.695,48
IRQ,The old saying “A picture is worth a thousand words” is certainly true for me,3,0.2154,0.466,50
Spheres of Control-3,"If there's someone I want to meet, I can usually arrange it.",19,0.2149,0.99,50
Basic Psychological Needs Scale,"When I am with XXXXXXX, I feel free to be who I am.",42,0.2146,2.102,48
The Satisfaction with Life Scale,The conditions of my life are excellent.,1,0.2139,0.521,48
IRQ,"If I am walking somewhere by myself, I frequently think of conversations that I’ve recently had",12,0.2121,0.553,48
CMQ Conspiracy mentality,There are secret organizations that greatly influence political decisions,4,0.21,3.333,49
Self-Talk Scale,I’m giving myself instructions or directions about what I should do or say,11,0.2095,0.823,50
State Trait Anxiety Inventory,doesn’t matter,29,0.2089,0.571,45
PROTESTANT WORK ETHIC SCALE_,If one works hard enough he is likely to make a good life for himself,16,0.2084,0.467,49
State Trait Anxiety Inventory,I feel satisfied with myself,22,0.2064,0.663,50
Social Dominance Orientation Scale 7,It’s OK if some groups have more of a chance in life than others.,2,0.2063,1.803,47
Five Facet Mindfullness Questionnaire (FFMQ),I make judgments about whether my thoughts are good or bad.,16,0.2032,1.042,49
State Trait Anxiety Inventory,I feel secure,1,0.2024,0.885,50
The Internal Representation Questionnaire,"If I am walking somewhere by myself, I frequently think of conversations that I’ve recently had",12,0.2,0.755,48
Self-Talk Scale,I want to analyze something that someone recently said to me,5,0.1954,0.763,47
HEXACO,People sometimes tell me that I am too critical of others.,8,0.1945,0.529,50
NEED FOR COGNITION SCALE,Learning new ways to think doesn't excite me very much.,11,0.1942,1.549,47
Psychological Well-Being Scales,"People would describe me as a giving person, willing to share my time with others.",27,0.193,1.064,47
Schwartz_Values,I crave novelty,15,0.1923,0.977,48
Psychological Well-Being Scales,My decisions are not usually influenced by what everyone else is doing.,6,0.1917,2.486,49
SVQ,I sometimes think out loud to myself when I'm trying to solve a puzzle,22,0.1888,1.899,48
Balanced Inventory of Desirable Responding Version 6,I don’t always know the reasons why I do the things I do.,19,0.1863,2.181,49
PROTESTANT WORK ETHIC SCALE_,Our society would have fewer problems if people had less leisure time.,1,0.1858,1.541,50
EPQ-R,Are good manners very important?,20,0.185,0.041,48
Bayesian Racism Scale,"If your personal safety is at stake, it’s sensible to avoid members of ethnic groups known to behave more aggressively.",1,0.1839,2.725,45
Need for Closure Scale (NFCS),I don't like to go into a situation without knowing what I can expect from it.,10,0.1819,0.865,48
HEXACO,People sometimes tell me that I'm too stubborn.,14,0.1805,0.572,50
Moral Foundations Questionnaire (MFQ-30),Whether or not someone did something to betray his or her group,8,0.1797,1.048,48
PROTESTANT WORK ETHIC SCALE_,Most people spend too much time in unprofitable amusement.,0,0.1796,1.08,47
HEXACO,I wouldn't spend my time reading a book of poetry.,24,0.1795,0.867,50
PROTESTANT WORK ETHIC SCALE_,People who fail at a job have usually not tried hard enough,10,0.1795,1.372,48
MCQ-30,I am aware of the way my mind works when I am thinking through a problem,4,0.1783,0.511,49
Need for Closure Scale (NFCS),I find that a well ordered life with regular hours suits my temperament.,5,0.1772,0.659,49
MCQ-30,"If I could not control my thoughts, I would not be able to function",26,0.1768,0.921,49
State Trait Anxiety Inventory,I feel secure,33,0.1762,0.916,45
ECR-R (Experiences in Close Relationships–Revised),It helps to turn to my romantic partner in times of need.,28,0.1761,1.178,49
Individualism-collectivism IND-COL,One should live one’s life independently of others,4,0.1754,2.266,49
State Trait Anxiety Inventory,I am content,36,0.1753,0.467,42
ECR-R (Experiences in Close Relationships–Revised),I prefer not to show a partner how I feel deep down.,18,0.1752,1.521,48
EMOTION REGULATION QUESTIONNAIRE (ERQ)_,"When I am feeling positive emotions, I am careful not to express them.",3,0.1751,1.559,48
EMOTION REGULATION QUESTIONNAIRE (ERQ)_,I keep my emotions to myself.,1,0.1749,1.193,50
IRQ,I like to give myself some down time to talk through thoughts in my mind,16,0.1744,0.355,50
Self-Monitoring Scale,I sometimes appear to others to be experiencing deeper emotions than I actually am.,9,0.1704,0.25,49
PROTESTANT WORK ETHIC SCALE_,The credit card is a ticket to careless spending,13,0.1692,1.184,48
CERQ (Cognitive Emotion Regulation Questionnaire),I tell myself that there are worse things in life.,27,0.1684,0.34,48
Rosenberg Self-Esteem Scale,I take a positive attitude toward myself,9,0.166,0.473,47
Self-Monitoring Scale,I can make impromptu speeches even on topics about which I have almost no information.,4,0.1647,0.244,48
ECR-R (Experiences in Close Relationships–Revised),My romantic partner makes me doubt myself.,9,0.1634,1.57,47
State Trait Anxiety Inventory,I feel rested,25,0.163,1.042,49
Individualism-collectivism IND-COL,I like sharing little things with my neighbors,7,0.1618,1.546,49
Religious Orientation Scale-R,"Although I believe in my religion, many other things are more important. ",13,0.1609,0.34,48
Meaning in Life Questionnaire (MLQ),I have a good sense of what makes my life meaningful.,4,0.16,1.419,49
IRQ,I can easily imagine the sound of a trumpet getting louder,35,0.1593,1.336,48
HEXACO,I would be quite bored by a visit to an art gallery.,0,0.1593,0.773,48
DERS (Difficulties in Emotion Regulation Scale),I have no idea how I am feeling,3,0.1592,1.251,50
MCQ-30,I have a poor memory,16,0.158,0.524,50
HEXACO,I would like a job that requires following a routine rather than being creative.,12,0.1574,0.428,49
Self-Monitoring Scale,I have never been good at games like charades or improvisational acting.,19,0.156,0.251,48
MCQ-30,I have little confidence in my memory for actions,28,0.1558,0.776,49
Gavagai,You can change even your basic gavagai level considerably,7,0.1554,0.922,47
EPQ-R,Is it better to follow society's rules than go your own way?,87,0.1554,0.229,47
RWA scale 22-item,"Our country will be great if we honor the ways of our forefathers, do what the authorities tell us to do, and get rid of the ""rotten apples"" who are ruining everything.",18,0.1542,4.239,48
Basic Psychological Needs Scale,I have been able to learn interesting new skills recently.,9,0.1535,1.813,50
Need for Closure Scale (NFCS),I dislike it when a person's statement could mean many different things.,29,0.153,0.774,47
Rosenberg Self-Esteem Scale,I am able to do things as well as most other people,3,0.1502,0.303,49
Five Facet Mindfullness Questionnaire (FFMQ),"I notice visual elements in art or nature, such as colors, shapes, textures, or patterns of light and shadow.",30,0.149,0.57,49
State Trait Anxiety Inventory,I feel satisfied,7,0.1481,0.666,47
PROTESTANT WORK ETHIC SCALE_,Hard work offers little guarantee of success,12,0.1481,1.626,46
ECR-R (Experiences in Close Relationships–Revised),I find it relatively easy to get close to my partner.,25,0.1466,1.089,50
Interpersonal Reactivity Index (IRI),I would describe myself as a pretty soft-hearted person.,21,0.1454,0.532,48
BFI-2,Shows a lot of enthusiasm.,55,0.1451,0.191,48
The Satisfaction with Life Scale,"If I could live my life over, I would change almost nothing",4,0.1449,0.574,49
Self-Talk Scale,I want to remind myself of what I need to do,14,0.1436,1.017,43
Varieties of Inner Speech Questionnaire-R,I think to myself in words using full sentences.,6,0.1427,3.376,46
BFI-2,Values art and beauty.,34,0.1403,0.285,49
BIS_BAS Scales,I have very few fears compared to my friends.,21,0.14,0.772,49
Spheres of Control-3,I can usually achieve what I want if I work hard for it.,0,0.1389,0.425,50
BFI-2,Stays optimistic after experiencing a setback.,8,0.1346,0.184,49
Adult Temperament Questionnaire,I would not enjoy a job that involves socializing with the public.,13,0.1337,2.695,48
RWA scale 22-item,It is always better to trust the judgement of the proper authorities in government and religion than to listen to the noisy rabble-rousers in our society who are trying to create doubt in people's minds.,4,0.1334,3.537,46
ECR-R (Experiences in Close Relationships–Revised),I tell my partner just about everything.,29,0.1313,0.875,49
BFI-2,Finds it hard to influence people.,35,0.127,0.574,48
Spheres of Control-3,Bad economic conditions are caused by world events that are beyond our control.,11,0.1256,0.786,50
RWA scale 22-item,"Our country needs free thinkers who have the courage to defy traditional ways, even if this upsets many people.",8,0.1255,0.917,49
Basic Psychological Needs Scale,"When I am with XXXXXXX, I have a say in what happens, and I can voice my opinion.",46,0.1254,1.584,47
HEXACO,I’ve never really enjoyed looking through an encyclopedia.,78,0.1248,0.784,50
RWA scale 22-item,"Homosexuals and feminists should be praised for being brave enough to defy ""traditional family values.""",20,0.1237,3.311,46
Varieties of Inner Speech Questionnaire-R,I talk back and forward to myself in my mind about things.,12,0.1176,2.661,44
BFI-2,Assumes the best about people.,56,0.1173,0.204,50
Moral Foundations Questionnaire (MFQ-30),Respect for authority is something all children need to learn.,3,0.1159,0.393,48
Five Facet Mindfullness Questionnaire (FFMQ),"When I have distressing thoughts or images, I “step back” and am aware of the thought or image without getting taken over by it.",18,0.1157,1.047,49
CERQ (Cognitive Emotion Regulation Questionnaire),I think that basically the cause lies within myself.,3,0.1149,0.854,49
HEXACO,I don't think of myself as the artistic or creative type.,84,0.1148,1.0,48
BFI-2,"Is sometimes shy, introverted.",30,0.1141,0.606,48
Social Dominance Orientation Scale 7,We should strive to make incomes as equal as possible.,14,0.1135,0.792,49
BFI-2,Has few artistic interests.,4,0.1116,0.862,49
The Internal Representation Questionnaire,"If I am walking somewhere by myself, I often have a silent conversation with myself",11,0.1097,0.585,48
Schwartz_Values,I love to try new and exciting things,0,0.1084,0.389,47
DERS (Difficulties in Emotion Regulation Scale),"When I’m upset, I believe that my feelings are valid and important",16,0.108,0.776,48
Basic Psychological Needs Scale,"When I am with XXXXXXX, I feel like a competent person.",43,0.1067,2.155,45
Interpersonal Reactivity Index (IRI),Other people's misfortunes do not usually disturb me a great deal. ,13,0.103,1.467,49
Need for Closure Scale (NFCS),I like to know what people are thinking all the time.,28,0.1012,1.003,49
Moral Foundations Questionnaire (MFQ-30),Compassion for those who are suffering is the most crucial virtue,0,0.101,0.446,48
Belief in a Just World Scale,I believe that people’s efforts are usually rewarded.,2,0.0992,0.336,49
Moral Foundations Questionnaire (MFQ-30),Justice is the most important requirement for a society.,7,0.0961,0.698,48
HEXACO,I think of myself as a somewhat eccentric person.,66,0.0949,0.375,49
Spheres of Control-3,The average citizen can have an influence on government decisions.,5,0.094,0.556,49
Varieties of Inner Speech Questionnaire-R,"My thinking in words is like a speech or a monologue, rather than a conversation",20,0.0927,2.353,50
Spheres of Control-3,"In attempting to smooth over a disagreement, I sometimes make it worse.",25,0.0921,0.716,48
IRQ,If I imagine my memories visually they are more often static than moving,9,0.0908,0.5,49
Self-Talk Scale,I need to figure out what I should do or say,2,0.0907,0.831,46
DERS (Difficulties in Emotion Regulation Scale),I am clear about my feelings,0,0.0883,1.099,49
Meaning in Life Questionnaire (MLQ),My life has a clear sense of purpose.,3,0.0874,2.401,47
Spheres of Control-3,It is difficult for us to have much control over the things politicians do in office.,8,0.0871,0.939,50
Adult Temperament Questionnaire,I like conversations that include several people.,36,0.0868,0.985,49
Self-Monitoring Scale,"Even if I am not enjoying myself, I often pretend to be having a good time.",14,0.0847,0.239,48
MCQ-30,I have little confidence in my memory for places,23,0.0845,0.489,46
Schwartz_Values,I like to stick up for the ‘underdog’,11,0.0841,0.373,49
CERQ (Cognitive Emotion Regulation Questionnaire),I think that it hasn’t been too bad compared to other things.,26,0.0835,0.622,50
Individualism-collectivism IND-COL,I would sacrifice an activity that I enjoy very much if my family did not approve of it,21,0.0829,2.145,48
Basic Psychological Needs Scale,I really like the people I work with.,22,0.0828,1.943,48
Gavagai,"No matter how much gavagai you have, you can always change it quite a bit",6,0.0816,0.687,50
CERQ (Cognitive Emotion Regulation Questionnaire),I think that I can become a stronger person as a result of what has happened.,21,0.0808,0.415,49
The Internal Representation Questionnaire,I can easily choose to imagine this sentence in my mind pronounced unnaturally slowly,29,0.0802,1.527,46
State Trait Anxiety Inventory,I feel self-confident,10,0.0797,0.517,49
RWA scale 22-item,"Some of the best people in our country are those who are challenging our government, criticizing religion, and ignoring the ""normal way things are supposed to be done.""",14,0.0797,2.238,50
Five Facet Mindfullness Questionnaire (FFMQ),I watch my feelings without getting lost in them.,8,0.0782,0.963,49
EMOTION REGULATION QUESTIONNAIRE (ERQ)_,"When I want to feel more positive emotion, I change the way I’m thinking about the situation.the situation.",6,0.0767,0.424,48
Interpersonal Reactivity Index (IRI),"I often have tender, concerned feelings for people less fortunate than me.",1,0.0763,0.925,49
Meaning in Life Questionnaire (MLQ),I understand my life’s meaning,0,0.0758,1.887,47
MCQ-30,I am constantly aware of my thinking,15,0.0725,0.696,49
HEXACO,"When I'm in a group of people, I'm often the one who speaks on behalf of the group.",57,0.071,0.728,50
Basic Psychological Needs Scale,I feel like I can pretty much be myself in my daily situations.,16,0.071,1.563,50
Ambivalent Sexism Inventory,Feminists are making entirely reasonable demands of men.,20,0.0705,1.259,49
EPQ-R,Do you generally 'look before you leap'?,80,0.0701,0.078,48
Self-Monitoring Scale,I would not change my opinions (or the way I do things) in order to please someone else or win their favor.,16,0.0669,0.255,48
Self-Monitoring Scale,"In different situations and with different people, I often act like very different persons.",12,0.0659,0.254,48
Need for Closure Scale (NFCS),I would rather make a decision quickly than sleep over it.,15,0.0654,1.085,48
RWA scale 22-item,Atheists and others who have rebelled against the established religions are no doubt every bit as good and virtuous as those who attend church regularly.,5,0.0646,2.656,48
BIS_BAS Scales,When I'm doing well at something I love to keep at it.,3,0.0634,0.292,49
RWA scale 22-item,"The ""old-fashioned ways"" and the ""old-fashioned values"" still show the best way to live.",11,0.0629,2.141,49
SVQ,I sometimes verbalize my thoughts when I'm trying to figure out why some machine isn't working,25,0.0629,1.742,49
ECR-R (Experiences in Close Relationships–Revised),I don't feel comfortable opening up to romantic partners.,22,0.0611,1.297,49
BFI-2,"Is fascinated by art, music, or literature.",19,0.0605,0.418,50
RWA scale 22-item,"God's laws about abortion, pornography and marriage must be strictly followed before it is too late, and those who break them must be strongly punished.",15,0.0601,3.933,47
Gavagai,Your gavagai is something about you that you can’t change very much,1,0.0599,0.83,49
HEXACO,I enjoy looking at maps of different places.,30,0.058,0.439,49
HEXACO,Most people are more upbeat and dynamic than I generally am.,93,0.0574,0.524,50
Balanced Inventory of Desirable Responding Version 6,I always know why I like things.,4,0.0553,1.445,49
HEXACO,I rarely express my opinions in group meetings.,9,0.0526,0.481,49
Self-Monitoring Scale,I guess I put on a show to impress or entertain people.,5,0.0495,0.246,47
HEXACO,I often check my work over repeatedly to find any mistakes.,13,0.049,0.401,49
Self-Monitoring Scale-Revised,I can usually tell when others consider a joke to be in bad taste‚ even though they may laugh convincingly.,5,0.0477,0.468,48
Self-Monitoring Scale,"I rarely seek the advice of my friends to choose movies, books, or music.",8,0.0475,0.244,48
Spheres of Control-3,"By taking an active part in political and social affairs, we the people can influence world events.",2,0.0473,0.588,49
EPQ-R,Do you try not to be rude to people?,78,0.0424,0.02,49
CMQ Conspiracy mentality,Politicians usually do not tell us the true motives for their decisions ,1,0.0418,1.198,48
Moral Foundations Questionnaire (MFQ-30),It is more important to be a team player than to express oneself,13,0.0401,0.702,48
Interpersonal Reactivity Index (IRI),"When I see someone being taken advantage of, I feel kind of protective towards them. ",8,0.0377,0.485,49
EPQ-R,Do you nearly always have a 'ready answer' when people talk to you?,62,0.0373,0.202,48
RWA scale 22-item,There is absolutely nothing wrong with nudist camps.,7,0.0365,2.315,48
IRQ,I can easily imagine and mentally rotate three-dimensional geometric figures,28,0.0363,0.609,47
Schwartz_Values,Caring for others is one of the most important things in life,14,0.0342,0.538,49
BFI-2,Is talkative.,45,0.0334,0.404,49
Schwartz_Values,I hold to my core values no matter what,16,0.0317,0.431,49
HEXACO,"I would enjoy creating a work of art, such as a novel, a song, or a painting.",36,0.0295,0.493,49
HEXACO,I am an ordinary person who is no better than others.,23,0.0293,0.585,48
HEXACO,"I would like to live in a very expensive, high-class neighborhood.",41,0.0263,0.491,50
CERQ (Cognitive Emotion Regulation Questionnaire),I think I must learn to live with it.,7,0.0259,0.528,49
Interpersonal Reactivity Index (IRI),"When I'm upset at someone, I usually try to ""put myself in his shoes"" for a while. ",24,0.0259,0.445,49
EPQ-R,Have you ever said anything bad or nasty about anyone?,52,0.0229,0.251,46
Rosenberg Self-Esteem Scale,"On the whole, I am satisfied with myself.",0,0.022,0.381,48
HEXACO,I am energetic nearly all the time.,21,0.0208,0.663,50
Moral Foundations Questionnaire (MFQ-30),Whether or not an action caused chaos or disorder,14,0.0202,0.383,48
CERQ (Cognitive Emotion Regulation Questionnaire),I think about how to change the situation.,18,0.018,0.552,49
Psychological Well-Being Scales,"In general, I feel confident and positive about myself.",11,0.0177,1.887,48
The Internal Representation Questionnaire,I can easily imagine the sound of a trumpet getting louder,35,0.0165,1.346,47
HEXACO,I tend to be lenient in judging other people.,56,0.015,0.539,50
Adult Temperament Questionnaire,I usually like to talk a lot.,18,0.0147,1.582,49
CMQ Conspiracy mentality,Government agencies closely monitor all citizens,2,0.0143,3.751,50
Gavagai,"To be honest, you can’t really change how gavagai you are",3,0.0142,1.022,49
SVQ,I sometimes verbalize my thoughts when I'm learning to use new computer software,13,0.0131,2.035,49
Adult Temperament Questionnaire,I sometimes seem to understand things intuitively.,23,0.0102,1.208,49
HEXACO,People have often told me that I have a good imagination.,60,0.01,0.64,50
Basic Psychological Needs Scale,People at work tell me I am good at what I do.,24,0.0097,1.253,50
Adult Temperament Questionnaire,I usually like to spend my free time with people.,66,0.0072,1.055,50
PROTESTANT WORK ETHIC SCALE_,The person who can approach an unpleasant task with enthusiasm is the person who gets ahead,15,0.0071,0.683,49
Psychological Well-Being Scales,I like most aspects of my personality.,23,0.007,1.639,50
BIS_BAS Scales,I often wonder why people act the way they do.,16,0.0068,0.534,49
BFI-2,Keeps things neat and tidy.,32,0.0067,0.314,49
EPQ-R,Do you stop to think things over before doing anything?,1,0.0043,0.075,50
CERQ (Cognitive Emotion Regulation Questionnaire),I think that other people go through much worse experiences.,25,0.0001,0.461,50
Self-Monitoring Scale,I'm not always the person I appear to be.,15,-0.0003,0.246,47
Psychological Well-Being Scales,I do not fit very well with the people and the community around me.,13,-0.0011,1.277,48
Need for Closure Scale (NFCS),I find that establishing a consistent routine enables me to enjoy life more.,31,-0.002,0.211,48
HEXACO,I don’t mind doing jobs that involve dangerous work.,28,-0.0021,0.716,47
Schwartz_Values,Helping others is the most important thing,1,-0.0045,0.583,47
EPQ-R,Do you take much notice of what people think?,4,-0.0087,0.253,49
IRQ,"When thinking about a social problem, I often talk it through in my head",15,-0.0121,0.624,50
Self-Monitoring Scale,"My behavior is usually an expression of my true inner feelings, attitudes, and beliefs.",1,-0.013,0.255,49
BFI-2,Keeps their emotions under control.,43,-0.0131,0.589,48
HEXACO,I try to give generously to those in need.,97,-0.0132,0.373,49
Self-Talk Scale,I’m mentally exploring a possible course of action,8,-0.0139,0.753,49
Psychological Well-Being Scales,I have a sense of direction and purpose in life.,10,-0.0159,2.363,50
Ambivalent Sexism Inventory,There are actually very few women who get a kick out of teasing men by seeming sexually available and then refusing male advances.,17,-0.0166,2.905,47
Varieties of Inner Speech Questionnaire-R,"When I think to myself in words about upsetting things, I can easily change topics in my mind and talk to myself about other things",25,-0.017,2.022,49
Interpersonal Reactivity Index (IRI),I sometimes try to understand my friends better by imagining how things look from their perspective. ,10,-0.0173,0.635,49
Gavagai,You can always substantially change how gavagai you are,4,-0.0228,1.029,49
Need for Closure Scale (NFCS),It's annoying to listen to someone who cannot seem to make up his or her line.,30,-0.0232,0.923,47
Need for Closure Scale (NFCS),I'd rather know bad news than stay in a state of uncertainty.,37,-0.0257,0.366,49
Basic Psychological Needs Scale,I have been able to learn interesting new skills on my job.,30,-0.0258,1.212,48
BFI-2,"Is relaxed, handles stress well.",3,-0.0259,0.327,50
PROTESTANT WORK ETHIC SCALE_,"Money acquired easily, g., through gambling or speculation, is usually spent unwisely.",2,-0.026,0.823,48
Self-Monitoring Scale,I would probably make a good actor.,7,-0.0276,0.255,48
Individualism-collectivism IND-COL,Competition is law of nature,18,-0.0286,1.688,48
Personal Need for Structure (PNS) Scale,I enjoy having a clear and structured mode of life,2,-0.0298,0.542,49
Self-Monitoring Scale,I am not particularly good at making other people like me.,13,-0.0312,0.247,49
Psychological Well-Being Scales,"I have confidence in my opinions, even if they are contrary to the general consensus.",24,-0.0324,1.451,49
Self-Monitoring Scale,"At parties and social gatherings, I do not attempt to do or say things that others will like.",2,-0.0348,0.242,49
BIS_BAS Scales,I'm always willing to try something new if I think it will be fun.,4,-0.0353,0.296,49
EPQ-R,Do good manners and cleanliness matter much to you?,40,-0.0356,0.061,47
Individualism-collectivism IND-COL,We should keep our aging parents with us at home,9,-0.0376,1.645,49
Bayesian Racism Scale,Law enforcement officers should act as if members of all racial groups are equally likely to commit crimes.,4,-0.0385,3.439,50
Adult Temperament Questionnaire,It is easy for me to hold back my laughter in a situation when laughter wouldn’t be appropriate.,25,-0.0388,1.504,50
NEED FOR COGNITION SCALE,I prefer my life to be filled with puzzles that I must solve.,12,-0.0449,0.634,45
Schwartz_Values,I believe in fight for equality,2,-0.0467,1.053,49
Five Facet Mindfullness Questionnaire (FFMQ),I do jobs or tasks automatically without being aware of what I’m doing.,33,-0.0474,0.924,50
EMOTION REGULATION QUESTIONNAIRE (ERQ)_,"When I’m faced with a stressful situation, I make myself think about it in a way that helps me stay calm.",4,-0.0475,0.5,49
Spheres of Control-3,"In my personal relationships, the other person usually has more control than I do.",1,-0.0481,1.056,49
BFI-2,Has a forgiving nature.,26,-0.049,0.245,50
Rosenberg Self-Esteem Scale,I feel I do not have much to be proud of,4,-0.0499,0.592,49
BFI-2,Is less active than other people.,25,-0.0507,0.594,50
HEXACO,"Even when people make a lot of mistakes, I rarely say anything negative.",80,-0.0518,0.509,47
Adult Temperament Questionnaire,Creative ideas sometimes present themselves to me without effort.,73,-0.0553,1.615,50
EPQ-R,Should people always respect the law?,17,-0.0558,0.231,49
Religious Orientation Scale-R,It doesn’t much matter what I believe so long as I am good. ,2,-0.0564,0.571,50
Basic Psychological Needs Scale,I pretty much keep to myself and don't have a lot of social contacts.,6,-0.057,2.979,48
Self-Monitoring Scale,"When I am uncertain how to act in a social situation, I look to the behavior of others for cues.",6,-0.0574,0.237,49
Psychological Well-Being Scales,I enjoy personal and mutual conversations with family members or friends.,21,-0.0602,0.964,48
NEED FOR COGNITION SCALE,I usually end up deliberating about issues even when they do not affect me personally.,17,-0.0633,0.78,47
Psychological Well-Being Scales,I feel like many of the people I know have gotten more out of life than I have.,17,-0.0685,1.119,47
Spheres of Control-3,"In the long run, we the voters are responsible for bad government on a national as well as a local level.",29,-0.07,0.953,50
Adult Temperament Questionnaire,"I would probably not enjoy a fast, wild carnival ride.",43,-0.0701,2.325,47
Interpersonal Reactivity Index (IRI),I am usually pretty effective in dealing with emergencies. ,18,-0.0703,0.332,49
EPQ-R,Do you believe one has special duties to one's family?,95,-0.0708,0.11,49
RWA scale 22-item,"Everyone should have their own lifestyle, religious beliefs, and sexual preferences, even if it makes them different from everyone else.",10,-0.0729,0.51,48
Balanced Inventory of Desirable Responding Version 6,I am not a safe driver when I exceed the speed limit.,7,-0.0736,4.153,49
Basic Psychological Needs Scale,People are generally pretty friendly towards me.,20,-0.0755,0.856,50
Basic Psychological Needs Scale,People I know tell me I am good at what I do.,4,-0.0769,1.0,49
HEXACO,I think that most people like some aspects of my personality.,27,-0.0815,0.375,49
Balanced Inventory of Desirable Responding Version 6,I never regret my decisions.,10,-0.0818,3.605,49
Self-Monitoring Scale-Revised,I have the ability to control the way I come across to people‚ depending on the impression I wish to give them.,2,-0.0826,0.792,49
BFI-2,"Is compassionate, has a soft heart.",1,-0.0826,0.264,49
Self-Talk Scale,I try to anticipate what someone will say and how I’ll respond to him or her,10,-0.083,0.516,49
Self-Monitoring Scale-Revised,I have found that I can adjust my behaviour to meet the requirements of any situation I find myself in.,9,-0.0835,0.405,47
EPQ-R,Are you a talkative person?,5,-0.0836,0.217,49
IRQ,"If I am walking somewhere by myself, I often have a silent conversation with myself",11,-0.0839,0.5,49
SVQ,I sometimes verbalize my thoughts when I'm working on a difficult problem,0,-0.0839,1.879,48
Basic Psychological Needs Scale,I feel like I can pretty much be myself at work.,37,-0.084,1.443,50
PROTESTANT WORK ETHIC SCALE_,There are few satisfactions equal to the realization that one has done his [her] best at a job,3,-0.0841,0.447,47
EPQ-R,Do you sometimes talk about things you know nothing about?,31,-0.0848,0.25,49
Adult Temperament Questionnaire,I rarely feel sad after saying goodbye to friends or relatives.,8,-0.086,2.521,48
EMOTION REGULATION QUESTIONNAIRE (ERQ)_,"When I am feeling negative emotions, I make sure not to express them.",8,-0.0865,1.842,49
Balanced Inventory of Desirable Responding Version 6,I am a completely rational person.,14,-0.0921,1.559,49
Psychological Well-Being Scales,"In many ways, I feel disappointed about my achievements in life.",29,-0.0954,1.223,48
Balanced Inventory of Desirable Responding Version 6,I don’t care to know what other people really think of me.,2,-0.0958,2.67,47
MCQ-30,I monitor my thoughts,11,-0.0987,0.238,47
Spheres of Control-3,I can learn almost anything if I set my mind to it.,9,-0.099,0.371,50
Psychological Well-Being Scales,"When I look at the story of my life, I am pleased with how things have turned out.",5,-0.1043,1.041,49
CERQ (Cognitive Emotion Regulation Questionnaire),I think that it could have all been much worse.,24,-0.108,0.521,50
PROTESTANT WORK ETHIC SCALE_,People should have more leisure time to spend in relaxation,8,-0.1084,0.41,48
State Trait Anxiety Inventory,I am relaxed,14,-0.1087,0.987,49
The Internal Representation Questionnaire,"I can easily imagine someone clearly talking, and then imagine the same voice with a heavy cold",33,-0.1095,0.783,48
EPQ-R,Do you like doing things in which you have to act quickly?,66,-0.1108,0.166,49
Psychological Well-Being Scales,"I am not afraid to voice my opinions, even when they are in opposition to the opinions of most people.",0,-0.1118,0.952,49
Personal Need for Structure (PNS) Scale,I like a place for everything and everything in its place,3,-0.1126,0.725,49
BFI-2,"Is original, comes up with new ideas.",59,-0.1142,0.26,49
EPQ-R,Are you always willing to admit it when you have made a mistake?,97,-0.1158,0.214,50
State Trait Anxiety Inventory,I feel at ease,4,-0.1158,0.629,50
Psychological Well-Being Scales,"I judge myself by what I think is important, not by the values of what others think is important.",36,-0.1183,2.314,46
Rosenberg Self-Esteem Scale,"I feel that I'm a person of worth, at least on an equal plane with others",6,-0.1198,0.588,49
Psychological Well-Being Scales,I have the sense that I have developed a lot as a person over time.,20,-0.1211,1.955,49
Psychological Well-Being Scales,"For me, life has been a continuous process of learning, changing, and growth.",32,-0.1237,0.631,48
Schwartz_Values,Things go more smoothly when people follow established rules,28,-0.1241,0.296,50
Individualism-collectivism IND-COL,If a co-worker gets a prize I would feel proud,23,-0.1296,1.884,49
HEXACO,I have sympathy for people who are less fortunate than I am.,96,-0.1299,0.463,49
EPQ-R,Do you like mixing with people?,57,-0.1322,0.11,49
BFI-2,Prefers to have others take charge.,50,-0.1322,0.657,49
The Internal Representation Questionnaire,The old saying “A picture is worth a thousand words” is certainly true for me,3,-0.133,0.391,23
State Trait Anxiety Inventory,I feel steady,18,-0.1334,0.645,49
IRQ,It is easy for me to imagine the sensation of licking a brick,31,-0.1345,1.088,49
Schwartz_Values,All people are fundamentally equal,27,-0.1347,0.814,49
Individualism-collectivism IND-COL,I feel good when I cooperate with others,31,-0.1375,2.117,49
Self-Monitoring Scale,I have considered being an entertainer.,17,-0.1375,0.244,48
Need for Closure Scale (NFCS),I think that having clear rules and order at work is essential for success.,0,-0.139,0.383,48
Social Dominance Orientation Scale 7,Group equality should be our ideal.,9,-0.1419,1.262,48
Schwartz_Values,It helps me to know what to expect,22,-0.1426,0.285,49
PROTESTANT WORK ETHIC SCALE_,The most difficult college courses usually turn out to be the most rewarding,4,-0.1439,0.467,49
NEED FOR COGNITION SCALE,I would prefer complex to simple problems.,0,-0.1443,0.306,49
HEXACO,"My attitude toward people who have treated me badly is ""forgive and forget"".",26,-0.1452,0.583,49
Individualism-collectivism IND-COL,Children should feel honored if their parents receive a distinguished award,13,-0.1487,2.467,49
Spheres of Control-3,"Once I make plans, I am almost certain to make them work.",3,-0.1511,0.339,48
The Internal Representation Questionnaire,"When thinking about a social problem, I often talk it through in my head",15,-0.1516,0.292,49
CMQ Conspiracy mentality,"Many very important things happen in the world, which the public is never informed about",0,-0.1519,2.498,49
CERQ (Cognitive Emotion Regulation Questionnaire),I think that I have to accept that this has happened.,4,-0.1533,0.369,50
The Internal Representation Questionnaire,If I imagine my memories visually they are more often static than moving,9,-0.1535,0.368,48
HEXACO,I generally accept people’s faults without complaining about them.,32,-0.1563,0.3,50
Five Facet Mindfullness Questionnaire (FFMQ),"When I have distressing thoughts or images, I am able just to notice them without reacting.",28,-0.1563,0.763,47
Adult Temperament Questionnaire,"When I try something new, I am rarely concerned about failing.",74,-0.1626,1.633,50
IRQ,I can easily choose to imagine this sentence in my mind pronounced unnaturally slowly,29,-0.1628,0.915,50
Social Dominance Orientation Scale 7,We should do what we can to equalize conditions for different groups.,11,-0.1633,1.208,49
Need for Closure Scale (NFCS),I like to have a place for everything and everything in its place.,34,-0.164,0.469,49
Individualism-collectivism IND-COL,When I succeeded‚ it is usually because of my abilities,20,-0.1657,1.714,50
Psychological Well-Being Scales,My attitude about myself is probably not as positive as most people feel about themselves.,35,-0.1689,1.647,46
The Internal Representation Questionnaire,I can easily imagine and mentally rotate three-dimensional geometric figures,28,-0.169,0.705,47
Psychological Well-Being Scales,"When I compare myself to friends and acquaintances, it makes me feel good about who I am.",41,-0.1691,0.945,49
CERQ (Cognitive Emotion Regulation Questionnaire),I think that the situation also has its positive sides.,22,-0.1693,0.415,50
HEXACO,"I would never accept a bribe, even if it were very large.",59,-0.1696,0.449,50
Adult Temperament Questionnaire,"When interrupted or distracted, I can easily shift my attention back.",34,-0.1699,1.193,50
NEED FOR COGNITION SCALE,"I would prefer a task that is intellectual, difficult, and important to one that is somewhat important but does not require much thought.",14,-0.1709,0.372,49
Adult Temperament Questionnaire,"If I think of something that needs to be done, I usually get right to work on it.",46,-0.1712,0.849,48
Psychological Well-Being Scales,Maintaining close relationships has been difficult and frustrating for me.,9,-0.1717,1.541,49
DERS (Difficulties in Emotion Regulation Scale),"When I’m upset, I know that I can find a way to eventually feel better",21,-0.1737,0.341,50
HEXACO,I often push myself very hard when trying to achieve a goal.,31,-0.1747,0.327,50
Basic Psychological Needs Scale,I am free to express my ideas and opinions on the job.,28,-0.1748,1.583,49
Basic Psychological Needs Scale,There is not much opportunity for me to decide for myself how to go about my work.,40,-0.1755,2.335,50
HEXACO,I am usually quite flexible in my opinions when people disagree with me.,38,-0.1761,0.44,48
EPQ-R,Would it upset you a lot to see a child or an animal suffer?,11,-0.1786,0.078,48
Self-Monitoring Scale,I find it hard to imitate the behavior of other people.,0,-0.1788,0.208,49
Five Facet Mindfullness Questionnaire (FFMQ),"Even when I’m feeling terribly upset, I can find a way to put it into words.",26,-0.1836,0.738,48
EPQ-R,Do you like to arrive at appointments in plenty of time?,63,-0.184,0.039,50
CERQ (Cognitive Emotion Regulation Questionnaire),I think that I have to accept the situation.,5,-0.1845,0.475,48
RWA scale 22-item,Gays and lesbians are just as healthy and moral as anybody else.,3,-0.1853,1.261,50
HEXACO,"I plan ahead and organize things, to avoid scrambling at the last minute.",25,-0.1862,0.355,49
Ambivalent Sexism Inventory,Feminists are not seeking for women to have more power than men.,6,-0.1874,1.031,48
Self-Talk Scale,I want to replay something that I’ve said to another person,15,-0.1909,0.356,23
Varieties of Inner Speech Questionnaire-R,"If I were to write down my thoughts on paper, they would read like a normal grammatical sentence.",14,-0.1945,3.042,48
EPQ-R,Do most things taste the same to you?,55,-0.1963,0.108,50
Basic Psychological Needs Scale,I generally feel free to express my ideas and opinions.,7,-0.1999,0.834,50
Adult Temperament Questionnaire,I tend to notice emotional aspects of paintings and pictures.,17,-0.2007,0.791,49
Psychological Well-Being Scales,I don't have a good sense of what it is I'm trying to accomplish in life.,22,-0.2013,2.55,49
Basic Psychological Needs Scale,"In my daily life, I frequently have to do what I am told.",10,-0.2042,1.972,48
EPQ-R,Have you ever insisted on having your own way?,81,-0.2049,0.183,47
Self-Monitoring Scale,"In order to get along and be liked, I tend to be what people expect me to be rather than anything else.",18,-0.2051,0.253,49
Moral Foundations Questionnaire (MFQ-30),One of the worst things a person could do is hurt a defenseless animal.,6,-0.2057,0.02,49
Self-Monitoring Scale,I can look anyone in the eye and tell a lie with a straight face (if for a right end).,23,-0.206,0.236,47
Adult Temperament Questionnaire,I would not enjoy yelling as loud as I can.,76,-0.2089,3.443,48
Self-Monitoring Scale,I can only argue for ideas which I already believe.,3,-0.2096,0.175,50
Moral Foundations Questionnaire (MFQ-30),Whether or not some people were treated differently than others,1,-0.2101,0.496,48
MCQ-30,I pay close attention to the way my mind works,17,-0.2114,0.355,48
Moral Foundations Questionnaire (MFQ-30),Whether or not someone cared for someone weak or vulnerable,6,-0.2121,0.504,49
Psychological Well-Being Scales,It's difficult for me to voice my own opinions on controversial matters.,30,-0.2122,1.842,49
Balanced Inventory of Desirable Responding Version 6,I am very confident of my judgments.,16,-0.2136,1.085,48
EPQ-R,Do people tell you a lot of lies?,94,-0.2136,0.137,50
HEXACO,I can handle difficult situations without needing emotional support from anyone else.,40,-0.2157,1.184,48
BFI-2,"Is inventive, finds clever ways to do things.",14,-0.2158,0.248,49
Adult Temperament Questionnaire,I usually finish doing things before they are due.,54,-0.2173,1.208,49
Need for Closure Scale (NFCS),I always see many possible solutions to problems I face.,36,-0.2185,0.44,48
Five Facet Mindfullness Questionnaire (FFMQ),"When I have distressing thoughts or images, I feel calm soon after.",23,-0.2203,1.096,50
EPQ-R,"If you say you will do something, do you always keep your promise no matter how inconvenient it might be?",14,-0.2206,0.255,49
Gavagai,"No matter who you are, you can significantly change your gavagai level",2,-0.227,0.546,48
Schwartz_Values,The highest goal is in serving humanity,23,-0.2287,0.65,47
Spheres of Control-3,Most of what happens in my career is beyond my control.,24,-0.2303,1.755,49
EPQ-R,Have you ever taken advantage of someone?,70,-0.2309,0.166,49
HEXACO,I like people who have unconventional views.,42,-0.2396,0.337,50
BFI-2,"Is emotionally stable, not easily upset.",28,-0.2404,0.343,50
Psychological Well-Being Scales,I do not enjoy being in new situations that require me to change my old familiar ways of doing things.,26,-0.2406,2.218,46
The Internal Representation Questionnaire,It is easy for me to imagine the sensation of licking a brick,31,-0.2415,1.191,48
CERQ (Cognitive Emotion Regulation Questionnaire),I think about what I can do best.,16,-0.2428,0.202,49
EPQ-R,Would you dodge paying taxes if you were sure you could never be found out?,76,-0.2428,0.078,48
Adult Temperament Questionnaire,I am usually a patient person.,37,-0.2441,1.153,49
EPQ-R,Do you tend to keep in the background on social occasions?,23,-0.2442,0.235,50
BFI-2,Rarely feels excited or eager.,10,-0.2492,1.005,49
Adult Temperament Questionnaire,I seldom become sad when I hear of an unhappy event.,33,-0.2497,3.914,50
State Trait Anxiety Inventory,I feel comfortable,9,-0.2504,0.793,48
Moral Foundations Questionnaire (MFQ-30),It is better to do good than to do bad.,5,-0.2526,0.1,49
BIS_BAS Scales,When I want something I usually go all-out to get it.,8,-0.2568,0.803,47
Individualism-collectivism IND-COL,Children should be taught to place duty before pleasure,17,-0.2574,0.885,49
The Internal Representation Questionnaire,"In school, I had no problems with geometry",30,-0.2579,0.727,46
ECR-R (Experiences in Close Relationships–Revised),I prefer not to be too close to romantic partners.,23,-0.2604,1.332,49
State Trait Anxiety Inventory,"I am “calm, cool, and collected”",26,-0.2614,0.725,49
EPQ-R,Would you call yourself happy-go-lucky?,39,-0.2621,0.251,50
EPQ-R,Do you like going out a lot?,27,-0.2626,0.199,49
EPQ-R,Are all your habits good and desirable ones?,22,-0.2626,0.077,49
EPQ-R,Would you feel very sorry for an animal caught in a trap?,98,-0.2659,0.125,49
EPQ-R,Do you always practice what you preach?,85,-0.2686,0.171,47
MCQ-30,My memory can mislead me at times,13,-0.269,0.355,49
Balanced Inventory of Desirable Responding Version 6,I have never dropped litter on the street.,31,-0.2716,3.523,49
Five Facet Mindfullness Questionnaire (FFMQ),"When I have distressing thoughts or images, I just notice them and let them go.",32,-0.2731,0.708,49
EPQ-R,Do other people think of you as being very lively?,93,-0.275,0.241,47
Psychological Well-Being Scales,I enjoy making plans for the future and working to make them a reality.,28,-0.2795,1.014,48
RWA scale 22-item,"A ""woman's place"" should be wherever she wants to be. The days when women are submissive to their husbands and social conventions belong strictly in the past.",17,-0.2814,0.458,49
State Trait Anxiety Inventory,I feel calm,0,-0.2827,0.792,49
Basic Psychological Needs Scale,There is not much opportunity for me to decide for myself how to do things in my daily life.,19,-0.2843,2.625,49
EPQ-R,Do you prefer reading to meeting people?,32,-0.2849,0.253,49
EPQ-R,Do you like telling jokes and funny stories to your friends?,54,-0.2852,0.186,50
Social Dominance Orientation Scale 7,Increased social equality.,12,-0.286,0.667,49
Self-Monitoring Scale-Revised,In social situations‚ I have the ability to alter my behavior if I feel that something else is called for.,0,-0.2862,0.193,49
The Internal Representation Questionnaire,I think I have a large vocabulary in my native language compared to others,34,-0.2869,0.433,47
Moral Foundations Questionnaire (MFQ-30),Whether or not someone was cruel,11,-0.2893,0.181,49
EPQ-R,As a child did you do as you were told immediately and without grumbling?,38,-0.2894,0.214,50
BFI-2,"Is dependable, steady.",12,-0.2908,0.3,50
Need for Closure Scale (NFCS),I prefer interacting with people whose opinions are very different from my own.,33,-0.291,0.898,50
EPQ-R,Can you on the whole trust people to tell the truth?,84,-0.2913,0.222,50
Ambivalent Sexism Inventory,People are often truly happy in life without being romantically involved with a member of the other sex.,5,-0.2945,0.983,50
HEXACO,"I rarely, if ever, have trouble sleeping due to stress or anxiety.",58,-0.2969,1.242,49
EPQ-R,Do you have many different hobbies?,0,-0.2969,0.25,47
EPQ-R,Do you like plenty of bustle and excitement around you?,89,-0.2973,0.242,49
EPQ-R,Would you call yourself tense or 'highly-strung'?,45,-0.2988,0.166,49
Bayesian Racism Scale,It is always wrong to avoid someone because members of their racial group are more likely to commit violent crimes.,5,-0.299,4.612,50
Individualism-collectivism IND-COL,I prefer to be direct and forthright when I talk with people,0,-0.3022,0.63,49
EPQ-R,Do you enjoy hurting people you love?,29,-0.3034,0.095,48
Adult Temperament Questionnaire,"Even when I feel energized, I can usually sit still without much trouble if it's necessary.",10,-0.3056,1.708,50
Adult Temperament Questionnaire,I can make myself work on a difficult task even when I don’t feel like trying.,26,-0.3123,0.693,49
Adult Temperament Questionnaire,Barely noticeable visual details rarely catch my attention.,9,-0.3131,2.92,48
BFI-2,"Is complex, a deep thinker.",39,-0.3142,0.415,49
Self-Monitoring Scale,I laugh more when I watch a comedy with others than when alone.,10,-0.3178,0.251,44
EPQ-R,Are there several people who keep trying to avoid you?,72,-0.3197,0.125,49
CERQ (Cognitive Emotion Regulation Questionnaire),I look for the positive sides to the matter.,23,-0.3242,0.302,49
Individualism-collectivism IND-COL,The wellbeing of my coworkers is important to me,11,-0.3257,0.953,48
HEXACO,I'm interested in learning about the history and politics of other countries.,6,-0.3289,0.464,50
Basic Psychological Needs Scale,I get along with people at work.,26,-0.3291,1.02,50
Individualism-collectivism IND-COL,I think it is important everyone has equal access to healthcare,33,-0.3304,0.957,48
NEED FOR COGNITION SCALE,I like to have the responsibility of handling a situation that requires a lot of thinking.,1,-0.3305,0.413,49
Psychological Well-Being Scales,My daily activities often seem trivial and unimportant to me.,16,-0.3311,1.745,48
Basic Psychological Needs Scale,I get along with people I come into contact with.,5,-0.3323,1.004,49
Need for Closure Scale (NFCS),I enjoy having a clear and structured mode of life.,32,-0.3326,0.645,49
EPQ-R,Have you ever cheated at a game?,65,-0.334,0.224,49
Basic Psychological Needs Scale,There are not many people at work that I am close to.,36,-0.334,2.287,50
EPQ-R,Would you take drugs which may have strange or dangerous effects?,24,-0.3346,0.06,48
Balanced Inventory of Desirable Responding Version 6,"When I hear people talking privately, I avoid listening.",27,-0.3349,3.366,49
NEED FOR COGNITION SCALE,I really enjoy a task that involves coming up with new solutions to problems.,10,-0.3359,0.356,49
EPQ-R,Have you ever taken anything (even a pin or button) that belonged to someone else?,26,-0.3367,0.231,49
EPQ-R,Does it worry you if you know there are mistakes in your work?,58,-0.3378,0.199,49
BFI-2,"Is polite, courteous to others.",51,-0.3392,0.304,50
Basic Psychological Needs Scale,"When I am at work, I have to do what I am told.",31,-0.3393,1.753,49
Adult Temperament Questionnaire,It is easy for me to inhibit fun behavior that would be inappropriate.,75,-0.3403,1.254,49
Adult Temperament Questionnaire,It does not frighten me if I suddenly discover someone close by.,67,-0.3428,2.874,50
IRQ,I rarely vocalize thoughts in my mind,18,-0.3432,1.117,47
Psychological Well-Being Scales,"When I think about it, I haven't really improved much as a person over the years.",14,-0.3457,2.041,47
EPQ-R,Have you ever broken or lost something belonging to someone else?,43,-0.3459,0.248,48
Moral Foundations Questionnaire (MFQ-30),Whether or not someone was denied his or her rights,12,-0.3477,0.333,49
ECR-R (Experiences in Close Relationships–Revised),I do not often worry about being abandoned.,10,-0.3487,2.056,49
Moral Foundations Questionnaire (MFQ-30),"When the government makes laws, the number one principle should be ensuring that everyone is treated fairly.",1,-0.3495,0.248,47
EPQ-R,Do you enjoy practical jokes that can sometimes really hurt people?,36,-0.3498,0.094,49
Individualism-collectivism IND-COL,I usually sacrifice my self-interest for the benefit of my group,5,-0.3508,2.151,47
Interpersonal Reactivity Index (IRI),"When I see someone being treated unfairly, I sometimes don't feel very much pity for them.",17,-0.3519,1.083,49
Adult Temperament Questionnaire,I seldom become sad when I watch a sad movie.,19,-0.3528,3.666,49
Social Dominance Orientation Scale 7,We would have fewer problems if we treated people more equally.,13,-0.3538,0.708,49
Psychological Well-Being Scales,"I know that I can trust my friends, and they know they can trust me.",39,-0.3545,1.908,48
Need for Closure Scale (NFCS),"When considering most conflict situations, I can usually see how both sides could be right.",23,-0.3561,0.291,48
BFI-2,"Is reliable, can always be counted on.",42,-0.3587,0.276,50
Adult Temperament Questionnaire,I rarely become annoyed when I have to wait in a slow-moving line.,5,-0.3597,2.665,50
EPQ-R,Do you often feel 'fed-up'?,25,-0.3597,0.208,49
CERQ (Cognitive Emotion Regulation Questionnaire),I think about how I can best cope with the situation.,17,-0.3604,0.586,50
IRQ,I think I have a large vocabulary in my native language compared to others,34,-0.3626,0.466,50
MCQ-30,I think a lot about my thoughts,2,-0.3627,0.401,47
Psychological Well-Being Scales,I tend to be influenced by people with strong opinions.,18,-0.3636,1.485,48
ECR-R (Experiences in Close Relationships–Revised),I rarely worry about my partner leaving me.,8,-0.3638,1.476,47
Five Facet Mindfullness Questionnaire (FFMQ),It seems I am “running on automatic” without much awareness of what I’m doing.,22,-0.3639,1.085,48
RWA scale 22-item,"There is no ""one right way"" to live life; everybody has to create their own way.",19,-0.3641,1.01,48
DERS (Difficulties in Emotion Regulation Scale),"When I’m upset, I can still get things done",19,-0.3654,0.634,49
BFI-2,"Is persistent, works until the task is finished.",52,-0.3695,0.314,49
EPQ-R,Do you suffer from sleeplessness?,59,-0.3695,0.08,47
HEXACO,I wouldn't pretend to like someone just to get that person to do favors for me.,77,-0.3702,0.444,50
Schwartz_Values,I think it is important to follow the rules,4,-0.3707,0.397,49
Psychological Well-Being Scales,I gave up trying to make big improvements or changes in my life a long time ago.,38,-0.3709,3.029,47
NEED FOR COGNITION SCALE,The idea of relying on thought to make my way to the top appeals to me.,9,-0.3715,0.645,49
EPQ-R,Are you an irritable person?,16,-0.3741,0.125,49
Self-Monitoring Scale-Revised,Once I know what the situation calls for‚ it’s easy for me to regulate my actions accordingly.,12,-0.3752,0.152,47
Psychological Well-Being Scales,Most people see me as loving and affectionate.,3,-0.3759,1.633,47
EPQ-R,Is (or was) your mother a good woman?,67,-0.3796,0.211,48
EPQ-R,Would you call yourself a nervous person?,34,-0.3843,0.153,49
EPQ-R,Do you think marriage is old-fashioned and should be done away with?,47,-0.3844,0.094,49
HEXACO,"I always try to be accurate in my work, even at the expense of time.",61,-0.3866,0.363,50
EPQ-R,Do you have many friends?,35,-0.3873,0.244,48
EPQ-R,Were you ever greedy by helping yourself to more than your share of anything?,9,-0.3887,0.235,50
Need for Closure Scale (NFCS),"Even after I've made up my mind about something, I am always eager to consider a different opinion.",1,-0.3889,0.343,50
Personal Need for Structure (PNS) Scale,I am not bothered by things that upset my daily routine,1,-0.389,1.345,47
Adult Temperament Questionnaire,I would not enjoy the sensation of listening to loud music with a laser light show.,6,-0.3919,2.955,49
Rosenberg Self-Esteem Scale,"All in all, I am inclined to feel that I am a failure",8,-0.392,0.305,46
EPQ-R,Do you think people spend too much time safeguarding their future with savings and insurance?,74,-0.3935,0.24,50
EPQ-R,Are you rather lively?,10,-0.3968,0.175,50
EPQ-R,Have you ever been late for an appointment or work?,88,-0.4004,0.229,47
Moral Foundations Questionnaire (MFQ-30),Whether or not someone acted unfairly,7,-0.4007,0.378,49
Self-Monitoring Scale,I may deceive people by being friendly when I really dislike them.,24,-0.4008,0.247,49
EPQ-R,Can you easily get some life into a rather dull party?,50,-0.401,0.239,48
Psychological Well-Being Scales,I have difficulty arranging my life in a way that is satisfying to me.,31,-0.4035,1.372,49
Interpersonal Reactivity Index (IRI),"I am usually objective when I watch a movie or play, and I don't often get completely caught up in it.",6,-0.4061,1.321,50
EPQ-R,Have people said that you sometimes act too rashly?,60,-0.4062,0.253,50
Moral Foundations Questionnaire (MFQ-30),Whether or not someone suffered emotionally,0,-0.4067,0.667,49
BFI-2,"Is systematic, likes to keep things in order.",17,-0.4069,0.219,49
Self-Monitoring Scale,I feel a bit awkward in company and do not show up quite as well as I should.,22,-0.4071,0.246,47
EPQ-R,Do you often feel lonely?,83,-0.4078,0.189,49
EPQ-R,Have you ever taken the praise for something you knew someone else had really done?,3,-0.4106,0.175,50
Ambivalent Sexism Inventory,"In a disaster, women ought not necessarily to be rescued before men.",2,-0.4113,2.622,50
Psychological Well-Being Scales,I have been able to build a home and a lifestyle for myself that is much to my liking.,37,-0.4117,2.112,49
EPQ-R,Do you have enemies who want to harm you?,33,-0.413,0.11,49
EPQ-R,Would you like other people to be afraid of you?,90,-0.4141,0.094,49
IRQ,"In school, I had no problems with geometry",30,-0.4145,0.589,48
BFI-2,Is helpful and unselfish with others.,31,-0.4174,0.268,50
BIS_BAS Scales,When I see an opportunity for something I like I get excited right away.,13,-0.4208,1.073,50
Five Facet Mindfullness Questionnaire (FFMQ),"I can easily put my beliefs, opinions, and expectations into words.",6,-0.4216,0.219,50
The Internal Representation Questionnaire,I rarely vocalize thoughts in my mind,18,-0.4221,1.121,48
HEXACO,"I rarely hold a grudge, even against people who have badly wronged me.",2,-0.4226,0.401,49
BFI-2,Is curious about many different things.,9,-0.4237,0.367,50
BFI-2,Rarely feels anxious or afraid.,48,-0.4249,0.942,50
EPQ-R,"When your temper rises, do you find it difficult to control?",99,-0.4251,0.199,49
EPQ-R,Do you sometimes boast a little?,48,-0.4256,0.248,48
EPQ-R,Have you ever blamed someone for doing something you knew was really your fault?,18,-0.4263,0.255,49
Psychological Well-Being Scales,I am not interested in activities that will expand my horizons.,2,-0.4271,1.249,50
Individualism-collectivism IND-COL,If a relative were in financial difficulty‚ I would help within my means,19,-0.4286,1.181,49
HEXACO,I don’t allow my impulses to govern my behavior.,67,-0.4298,0.3,50
Varieties of Inner Speech Questionnaire,"If I were to write down my thoughts on paper, they would read like a normal grammatical sentence.",14,-0.4306,0.916,46
BIS_BAS Scales,A person's family is the most important thing in life.,0,-0.4325,0.651,50
NEED FOR COGNITION SCALE,The notion of thinking abstractly is appealing to me.,13,-0.4339,0.404,49
Social Dominance Orientation Scale 7,It would be good if groups could be equal.,8,-0.4344,1.0,49
EPQ-R,Do you usually take the initiative in making new friends?,44,-0.4365,0.255,49
Need for Closure Scale (NFCS),"When thinking about a problem, I consider as many different opinions on the issue as possible.",27,-0.4368,0.456,50
Self-Monitoring Scale,I have trouble changing my behavior to suit different people and different situations.,20,-0.4393,0.254,49
Balanced Inventory of Desirable Responding Version 6,I have never damaged a library book or store merchandise without reporting it.,37,-0.4416,5.75,49
EPQ-R,Have you ever wished that you were dead?,75,-0.4435,0.142,42
HEXACO,Most people tend to get angry more quickly than I do.,68,-0.4461,0.625,49
Social Dominance Orientation Scale 7,All groups should be given an equal chance in life.,10,-0.4487,0.55,49
EPQ-R,Do you always wash before a meal?,61,-0.4516,0.251,48
EPQ-R,Do you prefer to go your own way rather than act by the rules?,28,-0.4543,0.254,49
BFI-2,"Is respectful, treats others with respect.",6,-0.4544,0.255,50
Balanced Inventory of Desirable Responding Version 6,I never take things that don’t belong to me.,35,-0.4546,3.121,48
Interpersonal Reactivity Index (IRI),I try to look at everybody's side of a disagreement before I make a decision.,7,-0.455,0.417,49
EPQ-R,Do you dislike people who don't know how to behave themselves?,13,-0.4585,0.242,49
Individualism-collectivism IND-COL,Some people emphasize winning; I am not one of them,30,-0.4609,4.835,48
Schwartz_Values,I usually do what others tell me,10,-0.4615,0.931,49
Adult Temperament Questionnaire,I am rarely aware of textures of things I hold.,70,-0.4631,3.393,48
BIS_BAS Scales,I go out of my way to get things I want.,2,-0.4632,0.97,47
HEXACO,I remain unemotional even in situations where most people get very sentimental.,94,-0.4645,1.398,50
Interpersonal Reactivity Index (IRI),"When I see someone get hurt, I tend to remain calm. ",12,-0.4676,1.123,49
EPQ-R,Can you get a party going?,77,-0.4687,0.242,49
EPQ-R,Have you often gone against your parents' wishes?,41,-0.4702,0.178,49
BFI-2,"Is efficient, gets things done.",37,-0.4734,0.328,50
EPQ-R,Are you mostly quiet when you are with other people?,46,-0.474,0.234,48
EPQ-R,Do you often feel life is very dull?,69,-0.478,0.189,49
EPQ-R,Do you often make decisions on the spur of the moment?,68,-0.479,0.231,49
Psychological Well-Being Scales,"In general, I feel I am in charge of the situation in which I live.",1,-0.479,2.486,49
Psychological Well-Being Scales,I live life one day at a time and don't really think about the future.,4,-0.4794,2.088,49
EPQ-R,Are you often troubled about feelings of guilt?,30,-0.4812,0.156,48
Rosenberg Self-Esteem Scale,I certainly feel useless at times,5,-0.4813,1.07,47
Self-Monitoring Scale-Revised,When I feel that the image I am portraying isn’t working I can readily change it to something that does.,6,-0.4814,0.492,49
CERQ (Cognitive Emotion Regulation Questionnaire),I think about a plan of what I can do best.,19,-0.4816,0.425,50
Individualism-collectivism IND-COL,It is important for me to maintain harmony within my group,15,-0.483,1.403,49
State Trait Anxiety Inventory,I am a steady person,39,-0.4839,0.443,46
EPQ-R,Can you usually let yourself go and enjoy yourself at a lively party?,15,-0.485,0.242,49
Interpersonal Reactivity Index (IRI),I believe that there are two sides to every question and try to look at them both.,20,-0.4867,0.445,49
BIS_BAS Scales,It would excite me to win a contest.,22,-0.4879,0.981,47
EPQ-R,Do you suffer from 'nerves'?,82,-0.4889,0.206,50
Ambivalent Sexism Inventory,Men are complete without women.,12,-0.4923,3.433,49
Adult Temperament Questionnaire,I can keep performing a task even when I would rather not do it.,14,-0.4949,0.84,47
HEXACO,"I rarely feel anger, even when people treat me quite badly.",44,-0.4954,1.347,48
EPQ-R,Do you enjoy meeting new people?,19,-0.4984,0.125,49
Interpersonal Reactivity Index (IRI),Becoming extremely involved in a good book or movie is somewhat rare for me. ,11,-0.4997,1.984,48
Adult Temperament Questionnaire,I can easily resist talking out of turn.,42,-0.5008,1.641,47
EPQ-R,Are you more easy-going about right and wrong than most people?,49,-0.5023,0.229,50
Adult Temperament Questionnaire,I rarely notice the color of people’s eyes.,32,-0.5036,1.851,48
HEXACO,I rarely discuss my problems with other people.,88,-0.5042,1.006,50
EPQ-R,Are your feelings easily hurt?,21,-0.5042,0.229,50
HEXACO,I wouldn’t want people to treat me as though I were superior to them.,47,-0.5075,0.956,50
EPQ-R,Are you touchy about some things?,96,-0.5081,0.255,49
HEXACO,Having a lot of money is not especially important to me.,17,-0.5117,0.622,50
Interpersonal Reactivity Index (IRI),"Before criticizing somebody, I try to imagine how I would feel if I were in their place.",27,-0.5118,0.326,48
BIS_BAS Scales,"When I go after something I use a ""no holds barred"" approach.",20,-0.5166,0.921,49
Balanced Inventory of Desirable Responding Version 6,I never read sexy books or magazines.,33,-0.5167,5.723,47
Individualism-collectivism IND-COL,I think cooperation in workplace is more important than competition,32,-0.5225,1.065,50
EPQ-R,Do you worry a lot about your looks?,73,-0.5276,0.202,48
BIS_BAS Scales,I worry about making mistakes.,23,-0.5282,0.977,48
HEXACO,"I wouldn't use flattery to get a raise or promotion at work, even if I thought it would succeed.",29,-0.5294,1.27,48
EPQ-R,Do you often worry about things you should not have done or said?,12,-0.5308,0.239,48
EPQ-R,Does your mood often go up and down?,2,-0.5333,0.254,49
Psychological Well-Being Scales,I often feel overwhelmed by my responsibilities,25,-0.5352,2.377,50
CERQ (Cognitive Emotion Regulation Questionnaire),think I can learn something from the situation.,20,-0.5368,0.408,50
Balanced Inventory of Desirable Responding Version 6,It’s all right with me if some people happen to dislike me.,18,-0.5387,1.559,48
Balanced Inventory of Desirable Responding Version 6,I never swear.,23,-0.5396,5.177,49
State Trait Anxiety Inventory,I make decisions easily,34,-0.5406,0.722,42
EPQ-R,Do you sometimes put off until tomorrow what you ought to do today?,92,-0.5433,0.227,48
EPQ-R,Do you ever feel 'just miserable' for no reason?,7,-0.5469,0.24,50
EPQ-R,As a child were you ever cheeky to your parents?,56,-0.5499,0.241,47
EPQ-R,Do you often take on more activities than you have time for?,71,-0.5515,0.255,49
Social Dominance Orientation Scale 7,No one group should dominate in society,15,-0.5547,1.139,49
EPQ-R,Are you easily hurt when people find fault with you or the work you do?,86,-0.555,0.236,47
Rosenberg Self-Esteem Scale,I wish I could have more respect for mysel,7,-0.562,0.719,46
Five Facet Mindfullness Questionnaire (FFMQ),My natural tendency is to put my experiences into words.,31,-0.5717,0.563,48
Rosenberg Self-Esteem Scale,"At times, I think I am no good at all",1,-0.5745,0.598,49
Balanced Inventory of Desirable Responding Version 6,I don’t gossip about other people’s business.,39,-0.5746,3.347,50
Basic Psychological Needs Scale,There are not many people that I am close to.,15,-0.5809,2.61,49
EPQ-R,Would being in debt worry you?,6,-0.5843,0.217,49
BIS_BAS Scales,"When I get something I want, I feel excited and energized.",6,-0.5878,0.897,49
EPQ-R,Do you worry about awful things that might happen?,42,-0.5888,0.255,50
HEXACO,Even in an emergency I wouldn't feel like panicking.,76,-0.5908,0.981,50
Balanced Inventory of Desirable Responding Version 6,I never cover up my mistakes.,21,-0.5928,3.935,50
Psychological Well-Being Scales,The demands of everyday life often get me down.,7,-0.5933,2.011,49
EPQ-R,Do you worry about your health?,51,-0.5958,0.234,48
EPQ-R,Have you often felt listless and tired for no reason?,64,-0.6073,0.247,49
EPQ-R,Are you a worrier?,37,-0.6154,0.254,48
BIS_BAS Scales,I crave excitement and new sensations.,19,-0.616,1.141,49
HEXACO,I worry a lot less than most people do.,34,-0.6183,1.267,49
Psychological Well-Being Scales,I sometimes feel as if I've done all there is to do in life.,40,-0.621,2.237,50
EPQ-R,Do you give money to charities?,8,-0.6224,0.25,49
EPQ-R,Do you worry too long after an embarrassing experience?,79,-0.623,0.255,48
BIS_BAS Scales,I feel pretty worried or upset when I think or know somebody is angry at me.,12,-0.6231,1.086,49
Balanced Inventory of Desirable Responding Version 6,"I always obey laws, even if I’m unlikely to get caught.",25,-0.6253,2.116,49
BIS_BAS Scales,If I see a chance to get something I want I move on it right away.,11,-0.6267,0.748,49
DERS (Difficulties in Emotion Regulation Scale),"When I’m upset, I feel like I can remain in control of my behaviours",23,-0.6285,0.582,49
Five Facet Mindfullness Questionnaire (FFMQ),"In difficult situations, I can pause without immediately reacting.",20,-0.629,0.368,49
EPQ-R,Are you sometimes bubbling over with energy and sometimes very sluggish?,91,-0.6291,0.246,47
BIS_BAS Scales,I will often do things for no other reason than that they might be fun.,9,-0.6319,0.957,49
Psychological Well-Being Scales,I often feel lonely because I have few close friends with whom to share my concerns.,15,-0.6337,2.043,48
BIS_BAS Scales,"When good things happen to me, it affects me strongly.",17,-0.6376,1.059,49
Psychological Well-Being Scales,I tend to worry about what other people think of me.,12,-0.6435,2.911,48
Adult Temperament Questionnaire,I usually remain calm without getting frustrated when things are not going smoothly.,57,-0.6508,1.388,50
BIS_BAS Scales,I feel worried when I think I have done poorly at something important.,18,-0.6942,1.062,50
BIS_BAS Scales,Criticism or scolding hurts me quite a bit.,7,-0.7016,1.092,50
BIS_BAS Scales,It's hard for me to find the time to do things such as get a haircut.,10,-0.7081,0.688,46
BIS_BAS Scales,I often act on the spur of the moment.,14,-0.7351,0.872,48
BIS_BAS Scales,"If I think something unpleasant is going to happen I usually get pretty ""worked up.""",15,-0.7621,1.102,48
BIS_BAS Scales,How I dress is important to me.,5,-0.8172,1.053,48
